source_id,location_name,url,category_name,sequence_number,product_name,product_name_cleaned,price,pc_count,size,description,product_image
02746,5 Points In-Line,https://order.chick-fil-a.com/menu/mobile-meals/cfa-sandwich-meal,Meals,1,Chick-fil-A® Sandwich Meal,Chick Fil A Sandwich Meal,7.99,1,,"A boneless breast of chicken seasoned to perfection, freshly breaded, pressure cooked in 100% refined peanut oil and served on a toasted, buttered bun with dill pickle chips. Also available on a multigrain bun.",https://www.cfacdn.com/img/order/menu/Online/Entrees/Jul19_CFASandwich_desktop800.png
02746,5 Points In-Line,https://order.chick-fil-a.com/menu/mobile-meals/deluxe-meal,Meals,2,Chick-fil-A® Deluxe w/ American Meal,Chick Fil A Deluxe W American Meal,8.69,1,,"A boneless breast of chicken seasoned to perfection, freshly breaded, pressure cooked in 100% refined peanut oil and served on a toasted, buttered bun with dill pickle chips, Green Leaf lettuce, tomato and American cheese. Also available on a multigrain bun.",https://www.cfacdn.com/img/order/COM/Menu_Refresh/Entree/Entree%20Desktop/_0003s_0003_NEWStack6200001CFAPDPDeluxeSandwich1085png.png
02746,5 Points In-Line,https://order.chick-fil-a.com/menu/mobile-meals/deluxe-meal,Meals,3,Chick-fil-A® Deluxe w/ Colby Jack Meal,Chick Fil A Deluxe W Colby Jack Meal,8.69,1,,"A boneless breast of chicken seasoned to perfection, freshly breaded, pressure cooked in 100% refined peanut oil and served on a toasted, buttered bun with dill pickle chips, Green Leaf lettuce, tomato and Colby Jack cheese. Also available on a multigrain bun.",https://www.cfacdn.com/img/order/COM/Menu_Refresh/Entree/Entree%20Desktop/_0003s_0003_NEWStack6200001CFAPDPDeluxeSandwich1085png.png
02746,5 Points In-Line,https://order.chick-fil-a.com/menu/mobile-meals/deluxe-meal,Meals,4,Chick-fil-A® Deluxe w/ Pepper Jack Meal,Chick Fil A Deluxe W Pepper Jack Meal,8.69,1,,"A boneless breast of chicken seasoned to perfection, freshly breaded, pressure cooked in 100% refined peanut oil and served on a toasted, buttered bun with dill pickle chips, green leaf lettuce, tomato and Pepper Jack cheese. Also available on a multigrain bun.",https://www.cfacdn.com/img/order/COM/Menu_Refresh/Entree/Entree%20Desktop/_0003s_0003_NEWStack6200001CFAPDPDeluxeSandwich1085png.png
02746,5 Points In-Line,https://order.chick-fil-a.com/menu/mobile-meals/deluxe-meal,Meals,5,Chick-fil-A® Deluxe w/ No Cheese Meal,Chick Fil A Deluxe W No Cheese Meal,8.39,1,,"A boneless breast of chicken seasoned to perfection, freshly breaded, pressure cooked in 100% refined peanut oil and served on a toasted, buttered bun with dill pickle chips, Green Leaf lettuce, and tomato. Also available on a multigrain bun.",https://www.cfacdn.com/img/order/COM/Menu_Refresh/Entree/Entree%20Desktop/_0003s_0003_NEWStack6200001CFAPDPDeluxeSandwich1085png.png
02746,5 Points In-Line,https://order.chick-fil-a.com/menu/mobile-meals/spicy-meal,Meals,6,Chick-fil-A® Spicy Chicken Sandwich Meal,Chick Fil A Spicy Chicken Sandwich Meal,8.39,1,,"A boneless breast of chicken seasoned with a spicy blend of peppers, freshly breaded, pressure cooked in 100% refined peanut oil and served on a toasted, buttered bun with dill pickle chips. Also available on a multigrain bun. ",https://www.cfacdn.com/img/order/COM/PDP_UPDATE/Images/Entrees/Final__0052_CFA_PDP_Spicy-Chick-Fil-A-Sandwich_1085.png
02746,5 Points In-Line,https://order.chick-fil-a.com/menu/mobile-meals/spicy-deluxe-meal,Meals,7,Spicy Deluxe w/ Pepper Jack Meal,Spicy Deluxe W Pepper Jack Meal,9.09,1,,"A boneless breast of chicken seasoned with a spicy blend of peppers, freshly breaded, pressure cooked in 100% refined peanut oil and served on a toasted, buttered bun with dill pickle chips, Green Leaf lettuce, tomato and Pepper Jack Cheese. Also available on a multigrain bun.",https://www.cfacdn.com/img/order/COM/PDP_UPDATE/Images/Entrees/Final__0053_CFA_PDP_Spicy-Deluxe-Sandwich_1085.png
02746,5 Points In-Line,https://order.chick-fil-a.com/menu/mobile-meals/spicy-deluxe-meal,Meals,8,Spicy Deluxe w/ Colby Jack Meal,Spicy Deluxe W Colby Jack Meal,9.09,1,,"A boneless breast of chicken seasoned with a spicy blend of peppers, freshly breaded, pressure cooked in 100% refined peanut oil and served on a toasted, buttered bun with dill pickle chips, Green Leaf lettuce, tomato and Colby Jack Cheese. Also available on a multigrain bun.",https://www.cfacdn.com/img/order/COM/PDP_UPDATE/Images/Entrees/Final__0053_CFA_PDP_Spicy-Deluxe-Sandwich_1085.png
02746,5 Points In-Line,https://order.chick-fil-a.com/menu/mobile-meals/spicy-deluxe-meal,Meals,9,Spicy Deluxe w/ American Meal,Spicy Deluxe W American Meal,9.09,1,,"A boneless breast of chicken seasoned with a spicy blend of peppers, freshly breaded, pressure cooked in 100% refined peanut oil and served on a toasted, buttered bun with dill pickle chips, green leaf lettuce, tomato and American cheese. Also available on a multigrain bun.",https://www.cfacdn.com/img/order/COM/PDP_UPDATE/Images/Entrees/Final__0053_CFA_PDP_Spicy-Deluxe-Sandwich_1085.png
02746,5 Points In-Line,https://order.chick-fil-a.com/menu/mobile-meals/spicy-deluxe-meal,Meals,10,Spicy Deluxe No Cheese Meal,Spicy Deluxe No Cheese Meal,8.79,1,,"A boneless breast of chicken seasoned with a spicy blend of peppers, freshly breaded, pressure cooked in 100% refined peanut oil and served on a toasted, buttered bun with dill pickle chips, Green Leaf lettuce, and tomato. Also available on a multigrain bun. ",https://www.cfacdn.com/img/order/COM/PDP_UPDATE/Images/Entrees/Final__0053_CFA_PDP_Spicy-Deluxe-Sandwich_1085.png
02746,5 Points In-Line,https://order.chick-fil-a.com/menu/mobile-meals/grilled-sandwich-meal,Meals,11,Grilled Chicken Sandwich Meal,Grilled Chicken Sandwich Meal,9.69,1,,"A lemon-herb marinated boneless breast of chicken, grilled for a tender and juicy backyard-smoky taste, served on a toasted multigrain bun with green leaf lettuce and tomato. The grilled chicken sandwich pairs well with Honey Roasted BBQ sauce.",https://www.cfacdn.com/img/order/menu/Online/Entrees/grilledSandwichTest_800.png
02746,5 Points In-Line,https://order.chick-fil-a.com/menu/mobile-meals/club-sandwich-meal,Meals,12,Club w/ Colby Jack Meal,Club W Colby Jack Meal,11.29,1,,"A lemon-herb marinated boneless breast of chicken, grilled for a tender and juicy backyard-smokey taste, served on a toasted Multigrain Brioche bun with American cheese, applewood smoked bacon, Green Leaf lettuce and tomato. Pairs well with Honey Roasted BBQ Sauce.",https://www.cfacdn.com/img/order/menu/Online/Entrees/grilledClub_colbyJack_PDP_Desk.png
02746,5 Points In-Line,https://order.chick-fil-a.com/menu/mobile-meals/club-sandwich-meal,Meals,13,Club w/ Pepper Jack Meal,Club W Pepper Jack Meal,11.29,1,,"A lemon-herb marinated boneless breast of chicken, grilled for a tender and juicy backyard-smokey taste, served on a toasted Multigrain Brioche bun with American cheese, applewood smoked bacon, Green Leaf lettuce and tomato. Pairs well with Honey Roasted BBQ Sauce.",https://www.cfacdn.com/img/order/menu/Online/Entrees/grilledClub_pepperJack_PDP_Desk.png
02746,5 Points In-Line,https://order.chick-fil-a.com/menu/mobile-meals/club-sandwich-meal,Meals,14,Club w/ American Meal,Club W American Meal,11.29,1,,"A lemon-herb marinated boneless breast of chicken, grilled for a tender and juicy backyard-smokey taste, served on a toasted Multigrain Brioche bun with American cheese, applewood smoked bacon, Green Leaf lettuce and tomato. Pairs well with Honey Roasted BBQ Sauce.",https://www.cfacdn.com/img/order/menu/Online/Entrees/grilledClub_cheddar_PDP_Desk.png
02746,5 Points In-Line,https://order.chick-fil-a.com/menu/mobile-meals/club-sandwich-meal,Meals,15,Club w/ No Cheese Meal,Club W No Cheese Meal,10.99,1,,"A lemon-herb marinated boneless breast of chicken, grilled for a tender and juicy backyard-smokey taste, served on a toasted Multigrain Brioche bun with American cheese, applewood smoked bacon, Green Leaf lettuce and tomato. Pairs well with Honey Roasted BBQ Sauce.",https://www.cfacdn.com/img/order/menu/Online/Entrees/grilled_noCheese_PDP_Desk.png
02746,5 Points In-Line,https://order.chick-fil-a.com/menu/mobile-meals/smokehouse-meal-group,Meals,16,Smokehouse BBQ Bacon Sandwich w/ Grilled Filet Meal,Smokehouse Bbq Bacon Sandwich W Grilled Filet Meal,11.29,1,,"A boneless breast of chicken, marinated with a special blend of seasonings and grilled for a tender and juicy backyard-grilled taste, served on a toasted, buttered sweet yeast bun with Colby-Jack cheese, bacon hand-tossed in a brown sugar and pepper blend, and Green Leaf lettuce. Topped with zesty Smokehouse BBQ sauce.",https://www.cfacdn.com/img/order/menu/Online/Entrees/smokehouseBBQ_colbyJack_PDP_Desk.png
02746,5 Points In-Line,https://order.chick-fil-a.com/menu/mobile-meals/smokehouse-meal-group,Meals,17,Smokehouse BBQ Bacon Sandwich w/ Chick-fil-A® Filet Meal,Smokehouse Bbq Bacon Sandwich W Chick Fil A Filet Meal,11.29,1,,"A boneless breast of chicken seasoned to perfection, freshly breaded, pressure cooked in 100% refined peanut oil and served on a toasted, buttered sweet yeast bun with Colby-Jack cheese, brown sugar pepper bacon, and green leaf lettuce. Topped with zesty Smokehouse BBQ sauce.",https://www.cfacdn.com/img/order/menu/Online/Entrees/Smokehouse-OriginalFilet_800x800.png
02746,5 Points In-Line,https://order.chick-fil-a.com/menu/mobile-meals/smokehouse-meal-group,Meals,18,Smokehouse BBQ Bacon Sandwich w/ Spicy Filet Meal,Smokehouse Bbq Bacon Sandwich W Spicy Filet Meal,11.29,1,,"A boneless breast of chicken seasoned with a spicy blend of peppers, freshly breaded, pressure cooked in 100% refined peanut oil and served on a toasted, buttered sweet yeast bun with Colby-Jack cheese, brown sugar pepper bacon, and green leaf lettuce. Topped with zesty Smokehouse BBQ sauce.",https://www.cfacdn.com/img/order/menu/Online/Entrees/Smokehouse-SpicyFilet_800x800.png
02746,5 Points In-Line,https://order.chick-fil-a.com/menu/mobile-meals/nuggets-meal,Meals,19,Chick-fil-A<sup>®</sup> Nuggets 8 Ct Meal,Chick Fil A   Nuggets 8 Ct Meal,7.99,8,,"Bite-sized pieces of boneless chicken breast, seasoned to perfection, freshly breaded and pressure cooked in 100% refined peanut oil. Available with choice of dipping sauce. ",https://www.cfacdn.com/img/order/menu/Online/Entrees/nuggets_8ct_PDP_Desk.png
02746,5 Points In-Line,https://order.chick-fil-a.com/menu/mobile-meals/nuggets-meal,Meals,20,Chick-fil-A<sup>®</sup> Nuggets 12 Ct Meal,Chick Fil A   Nuggets 12 Ct Meal,9.79,12,,"Bite-sized pieces of boneless chicken breast, seasoned to perfection, freshly breaded and pressure cooked in 100% refined peanut oil. Available with choice of dipping sauce.",https://www.cfacdn.com/img/order/menu/Online/Entrees/nuggets_12ct_PDP_Desk.png
02746,5 Points In-Line,https://order.chick-fil-a.com/menu/mobile-meals/nuggets-meal,Meals,21,Chick-fil-A<sup>®</sup> Nuggets 30 Ct Meal,Chick Fil A   Nuggets 30 Ct Meal,18.99,30,,"Bite-sized pieces of boneless chicken breast, seasoned to perfection, freshly breaded and pressure cooked in 100% refined peanut oil. Available with choice of dipping sauce.",https://www.cfacdn.com/img/order/menu/Online/Entrees/nuggets_30ct_PDP_Desk.png
02746,5 Points In-Line,https://order.chick-fil-a.com/menu/mobile-meals/nuggets-grilled-meal,Meals,22,Grilled Nuggets 8 Ct Meal,Grilled Nuggets 8 Ct Meal,8.95,8,,"Bite-sized pieces of freshly marinated boneless breast of chicken, grilled for a tender and juicy backyard-smoky taste. Available with guest's choice of dipping sauce.",https://www.cfacdn.com/img/order/menu/Online/Entrees/grilledNuggets_8ct_PDP_Desk.png
02746,5 Points In-Line,https://order.chick-fil-a.com/menu/mobile-meals/nuggets-grilled-meal,Meals,23,Grilled Nuggets 12 Ct Meal,Grilled Nuggets 12 Ct Meal,11.15,12,,"Bite-sized pieces of freshly marinated boneless breast of chicken, grilled for a tender and juicy backyard-smoky taste. Available with guest's choice of dipping sauce.",https://www.cfacdn.com/img/order/menu/Online/Entrees/grilledNuggets_12ct_PDP_Desk.png
02746,5 Points In-Line,https://order.chick-fil-a.com/menu/mobile-meals/strips-meal,Meals,24,Chick-fil-A Chick-n-Strips® 3 Ct Meal,Chick Fil A Chick N Strips 3 Ct Meal,8.29,3,,"Boneless chicken tenders seasoned to perfection, freshly breaded and pressure cooked in 100% refined peanut oil.",https://www.cfacdn.com/img/order/menu/Online/Entrees/strips_3ct_PDP_Desk.png
02746,5 Points In-Line,https://order.chick-fil-a.com/menu/mobile-meals/strips-meal,Meals,25,Chick-fil-A Chick-n-Strips® 4 Ct Meal,Chick Fil A Chick N Strips 4 Ct Meal,9.65,4,,"Boneless chicken tenders seasoned to perfection, freshly breaded and pressure cooked in 100% refined peanut oil.",https://www.cfacdn.com/img/order/menu/Online/Entrees/strips_4ct_PDP_Desk.png
02746,5 Points In-Line,https://order.chick-fil-a.com/menu/mobile-meals/cool-wrap-meal,Meals,26,Chick-fil-A® Cool Wrap Meal,Chick Fil A Cool Wrap Meal,10.89,1,,"Sliced grilled chicken breast nestled in a fresh mix of green leaf lettuce with a blend of shredded Monterey Jack and Cheddar cheeses, tightly rolled in a flaxseed flour flat bread. Made fresh daily. Pairs well with Avocado Lime Ranch dressing.",https://www.cfacdn.com/img/order/menu/Online/Entrees/wrap_desk.png
02746,5 Points In-Line,https://order.chick-fil-a.com/menu/mobile-entrees/sandwich-cfa-chicken,Entrées,27,Chick-fil-A® Chicken Sandwich,Chick Fil A Chicken Sandwich,4.45,1,,"A boneless breast of chicken seasoned to perfection, freshly breaded, pressure cooked in 100% refined peanut oil and served on a toasted, buttered bun with dill pickle chips. Also available on a multigrain bun.",https://www.cfacdn.com/img/order/menu/Online/Entrees/Jul19_CFASandwich_desktop800.png
02746,5 Points In-Line,https://order.chick-fil-a.com/menu/mobile-entrees/cfa-deluxe-sandwich,Entrées,28,Chick-fil-A® Deluxe Sandwich w/ American,Chick Fil A Deluxe Sandwich W American,5.15,1,,"A boneless breast of chicken seasoned to perfection, freshly breaded, pressure cooked in 100% refined peanut oil and served on a toasted, buttered bun with dill pickle chips, green leaf lettuce, tomato and American cheese. Also available on a multigrain bun.",https://www.cfacdn.com/img/order/COM/Menu_Refresh/Entree/Entree%20Desktop/_0003s_0003_NEWStack6200001CFAPDPDeluxeSandwich1085png.png
02746,5 Points In-Line,https://order.chick-fil-a.com/menu/mobile-entrees/cfa-deluxe-sandwich,Entrées,29,Chick-fil-A® Deluxe Sandwich w/ Colby Jack,Chick Fil A Deluxe Sandwich W Colby Jack,5.15,1,,"A boneless breast of chicken seasoned to perfection, freshly breaded, pressure cooked in 100% refined peanut oil and served on a toasted, buttered bun with dill pickle chips, green leaf lettuce, tomato and Colby Jack cheese. Also available on a multigrain bun.",https://www.cfacdn.com/img/order/COM/Menu_Refresh/Entree/Entree%20Desktop/_0003s_0003_NEWStack6200001CFAPDPDeluxeSandwich1085png.png
02746,5 Points In-Line,https://order.chick-fil-a.com/menu/mobile-entrees/cfa-deluxe-sandwich,Entrées,30,Chick-fil-A® Deluxe Sandwich w/ Pepper Jack,Chick Fil A Deluxe Sandwich W Pepper Jack,5.15,1,,"A boneless breast of chicken seasoned to perfection, freshly breaded, pressure cooked in 100% refined peanut oil and served on a toasted, buttered bun with dill pickle chips, green leaf lettuce, tomato and Pepper Jack cheese. Also available on a multigrain bun.",https://www.cfacdn.com/img/order/COM/Menu_Refresh/Entree/Entree%20Desktop/_0003s_0003_NEWStack6200001CFAPDPDeluxeSandwich1085png.png
02746,5 Points In-Line,https://order.chick-fil-a.com/menu/mobile-entrees/cfa-deluxe-sandwich,Entrées,31,Chick-fil-A® Deluxe Sandwich w/ No Cheese,Chick Fil A Deluxe Sandwich W No Cheese,4.85,1,,"A boneless breast of chicken seasoned to perfection, freshly breaded, pressure cooked in 100% refined peanut oil and served on a toasted, buttered bun with dill pickle chips, green leaf lettuce, and tomato. Also available on a multigrain bun.",https://www.cfacdn.com/img/order/COM/Menu_Refresh/Entree/Entree%20Desktop/_0003s_0003_NEWStack6200001CFAPDPDeluxeSandwich1085png.png
02746,5 Points In-Line,https://order.chick-fil-a.com/menu/mobile-entrees/spicy-chicken-cfa-sandwich,Entrées,32,Spicy Chicken Sandwich,Spicy Chicken Sandwich,4.85,1,,"A boneless breast of chicken seasoned with a spicy blend of peppers, freshly breaded, pressure cooked in 100% refined peanut oil and served on a toasted, buttered bun with dill pickle chips. Also available on a multigrain bun. ",https://www.cfacdn.com/img/order/menu/Online/Entrees/CFASpicySandwich_800.png
02746,5 Points In-Line,https://order.chick-fil-a.com/menu/mobile-entrees/spicy-deluxe-sandwich,Entrées,33,Spicy Deluxe Sandwich w/ Pepper Jack,Spicy Deluxe Sandwich W Pepper Jack,5.55,1,,"A boneless breast of chicken seasoned with a spicy blend of peppers, freshly breaded, pressure cooked in 100% refined peanut oil and served on a toasted, buttered bun with dill pickle chips, green leaf lettuce, tomato and Pepper Jack Cheese. Also available on a multigrain bun.",https://www.cfacdn.com/img/order/COM/Menu_Refresh/Entree/Entree%20Desktop/_0003s_0012_%5BFeed%5D_0001s_0023_Entrees_Spicy-Deluxe-Sandwich.png
02746,5 Points In-Line,https://order.chick-fil-a.com/menu/mobile-entrees/spicy-deluxe-sandwich,Entrées,34,Spicy Deluxe Sandwich w/ American,Spicy Deluxe Sandwich W American,5.55,1,,"A boneless breast of chicken seasoned with a spicy blend of peppers, freshly breaded, pressure cooked in 100% refined peanut oil and served on a toasted, buttered bun with dill pickle chips, green leaf lettuce, tomato and American Cheese. Also available on a multigrain bun.",https://www.cfacdn.com/img/order/COM/Menu_Refresh/Entree/Entree%20Desktop/_0003s_0007_Final__0053_CFA_PDP_Spicy-Deluxe-Sandwich_1085.png
02746,5 Points In-Line,https://order.chick-fil-a.com/menu/mobile-entrees/spicy-deluxe-sandwich,Entrées,35,Spicy Deluxe Sandwich w/ Colby Jack,Spicy Deluxe Sandwich W Colby Jack,5.55,1,,"A boneless breast of chicken seasoned with a spicy blend of peppers, freshly breaded, pressure cooked in 100% refined peanut oil and served on a toasted, buttered bun with dill pickle chips, green leaf lettuce, tomato and Colby Jack Cheese. Also available on a multigrain bun.",https://www.cfacdn.com/img/order/COM/Menu_Refresh/Entree/Entree%20Desktop/_0003s_0007_Final__0053_CFA_PDP_Spicy-Deluxe-Sandwich_1085.png
02746,5 Points In-Line,https://order.chick-fil-a.com/menu/mobile-entrees/spicy-deluxe-sandwich,Entrées,36,Spicy Deluxe Sandwich w/ No Cheese,Spicy Deluxe Sandwich W No Cheese,5.25,1,,"A boneless breast of chicken seasoned with a spicy blend of peppers, freshly breaded, pressure cooked in 100% refined peanut oil and served on a toasted, buttered bun with dill pickle chips, green leaf lettuce, and tomato. Also available on a multigrain bun.",https://www.cfacdn.com/img/order/COM/Menu_Refresh/Entree/Entree%20Desktop/_0003s_0007_Final__0053_CFA_PDP_Spicy-Deluxe-Sandwich_1085.png
02746,5 Points In-Line,https://order.chick-fil-a.com/menu/mobile-entrees/grilled-chicken-sandwich,Entrées,37,Grilled Chicken Sandwich,Grilled Chicken Sandwich,6.09,1,,"A lemon-herb marinated boneless breast of chicken, grilled for a tender and juicy backyard-smoky taste, served on a toasted multigrain bun with green leaf lettuce and tomato. The grilled chicken sandwich pairs well with Honey Roasted BBQ sauce.",https://www.cfacdn.com/img/order/COM/Menu_Refresh/Entree/Entree%20Desktop/_0003s_0009_Final__0026_CFA_PDP_Grilled-Deluxe-Sandwich_1085.png
02746,5 Points In-Line,https://order.chick-fil-a.com/menu/mobile-entrees/grilled-chicken-club,Entrées,38,Grilled Chicken Club w/ Colby Jack,Grilled Chicken Club W Colby Jack,7.69,1,,"A lemon-herb marinated boneless breast of chicken, grilled for a tender and juicy backyard-smokey taste, served on a toasted multigrain brioche bun with Colby Jack cheese, applewood smoked bacon, green leaf lettuce and tomato. Pairs well with Honey Roasted BBQ Sauce.",https://www.cfacdn.com/img/order/menu/Online/Entrees/grilledClub_colbyJack_PDP_Desk.png
02746,5 Points In-Line,https://order.chick-fil-a.com/menu/mobile-entrees/grilled-chicken-club,Entrées,39,Grilled Chicken Club w/ American,Grilled Chicken Club W American,7.69,1,,"A lemon-herb marinated boneless breast of chicken, grilled for a tender and juicy backyard-smokey taste, served on a toasted Multigrain Brioche bun with American cheese, applewood smoked bacon, green leaf lettuce and tomato. Pairs well with Honey Roasted BBQ Sauce.  ",https://www.cfacdn.com/img/order/menu/Online/Entrees/grilledClub_cheddar_PDP_Desk.png
02746,5 Points In-Line,https://order.chick-fil-a.com/menu/mobile-entrees/grilled-chicken-club,Entrées,40,Grilled Chicken Club w/ Pepper Jack,Grilled Chicken Club W Pepper Jack,7.69,1,,"A lemon-herb marinated boneless breast of chicken, grilled for a tender and juicy backyard-smokey taste, served on a toasted multigrain brioche bun with Pepper Jack cheese, applewood smoked bacon, green leaf lettuce and tomato. Pairs well with Honey Roasted BBQ Sauce. ",https://www.cfacdn.com/img/order/menu/Online/Entrees/grilledClub_pepperJack_PDP_Desk.png
02746,5 Points In-Line,https://order.chick-fil-a.com/menu/mobile-entrees/grilled-chicken-club,Entrées,41,Grilled Chicken Club w/ No Cheese,Grilled Chicken Club W No Cheese,7.39,1,,"A lemon-herb marinated boneless breast of chicken, grilled for a tender and juicy backyard-smokey taste, served on a toasted multigrain brioche bun with applewood smoked bacon, green leaf lettuce and tomato. Pairs well with Honey Roasted BBQ Sauce. ",https://www.cfacdn.com/img/order/menu/Online/Entrees/GrilledChickenClub_no_cheese_desktop.png
02746,5 Points In-Line,https://order.chick-fil-a.com/menu/mobile-entrees/smokehouse-entree-group,Entrées,42,Smokehouse BBQ Bacon Sandwich w/ Grilled Filet,Smokehouse Bbq Bacon Sandwich W Grilled Filet,7.69,1,,"A boneless breast of chicken, marinated with a special blend of seasonings and grilled for a tender and juicy backyard-grilled
taste, served on a toasted, buttered sweet yeast bun with Colby-Jack cheese, bacon hand-tossed in a brown sugar and pepper blend, and Green Leaf lettuce. Topped with zesty Smokehouse BBQ sauce. Seasonal item.",https://www.cfacdn.com/img/order/menu/Online/Entrees/smokehouseBBQ_colbyJack_Desk.png
02746,5 Points In-Line,https://order.chick-fil-a.com/menu/mobile-entrees/smokehouse-entree-group,Entrées,43,Smokehouse BBQ Bacon Sandwich w/ Chick-fil-A® Filet,Smokehouse Bbq Bacon Sandwich W Chick Fil A Filet,7.69,1,,"A boneless breast of chicken seasoned to perfection, freshly breaded, pressure cooked in 100% refined peanut oil and served on a toasted, buttered sweet yeast bun with Colby-Jack cheese, brown sugar pepper bacon, and green leaf lettuce. Topped with zesty Smokehouse BBQ sauce.",https://www.cfacdn.com/img/order/menu/Online/Entrees/Smokehouse-OriginalFilet_800x800.png
02746,5 Points In-Line,https://order.chick-fil-a.com/menu/mobile-entrees/smokehouse-entree-group,Entrées,44,Smokehouse BBQ Bacon Sandwich w/ Spicy Filet,Smokehouse Bbq Bacon Sandwich W Spicy Filet,7.69,1,,"A boneless breast of chicken seasoned with a spicy blend of peppers, freshly breaded, pressure cooked in 100% refined peanut oil and served on a toasted, buttered sweet yeast bun with Colby-Jack cheese, brown sugar pepper bacon, and green leaf lettuce. Topped with zesty Smokehouse BBQ sauce.",https://www.cfacdn.com/img/order/menu/Online/Entrees/Smokehouse-SpicyFilet_800x800.png
02746,5 Points In-Line,https://order.chick-fil-a.com/menu/mobile-entrees/nuggets-cfa,Entrées,45,5 ct Chick-fil-A® Nuggets,5 Ct Chick Fil A Nuggets,2.8,5,,"Bite-sized pieces of boneless chicken breast, seasoned to perfection, freshly breaded and pressure cooked in 100% refined peanut oil. Available with choice of dipping sauce.",https://www.cfacdn.com/img/order/menu/Online/Entrees/Dec2019_CFANuggets_5ct_Desktop.png
02746,5 Points In-Line,https://order.chick-fil-a.com/menu/mobile-entrees/nuggets-cfa,Entrées,46,8 ct Chick-fil-A® Nuggets,8 Ct Chick Fil A Nuggets,4.45,8,,"Bite-sized pieces of boneless chicken breast, seasoned to perfection, freshly breaded and pressure cooked in 100% refined peanut oil. Available with choice of dipping sauce.",https://www.cfacdn.com/img/order/menu/Online/Entrees/nuggets_8ct_PDP_Desk.png
02746,5 Points In-Line,https://order.chick-fil-a.com/menu/mobile-entrees/nuggets-cfa,Entrées,47,12 ct Chick-fil-A® Nuggets,12 Ct Chick Fil A Nuggets,6.29,12,,"Bite-sized pieces of boneless chicken breast, seasoned to perfection, freshly breaded and pressure cooked in 100% refined peanut oil. Available with choice of dipping sauce.",https://www.cfacdn.com/img/order/menu/Online/Entrees/nuggets_12ct_Desk.png
02746,5 Points In-Line,https://order.chick-fil-a.com/menu/mobile-entrees/nuggets-cfa,Entrées,48,30 ct Chick-fil-A® Nuggets,30 Ct Chick Fil A Nuggets,15.69,30,,"Bite-sized pieces of boneless chicken breast, seasoned to perfection, freshly breaded and pressure cooked in 100% refined peanut oil. Available with choice of dipping sauce.",https://www.cfacdn.com/img/order/menu/Online/Entrees/nuggets_30ct_PDP_Desk.png
02746,5 Points In-Line,https://order.chick-fil-a.com/menu/mobile-entrees/grilled-nuggets,Entrées,49,5 ct Grilled Nuggets,5 Ct Grilled Nuggets,3.35,5,,"Bite-sized pieces of freshly marinated boneless breast of chicken, grilled for a tender and juicy backyard-smoky taste. Available with guest's choice of dipping sauce.",https://www.cfacdn.com/img/order/menu/Online/Entrees/Dec2019_GrilledNuggets_5ct_Desktop.png
02746,5 Points In-Line,https://order.chick-fil-a.com/menu/mobile-entrees/grilled-nuggets,Entrées,50,8 ct Grilled Nuggets,8 Ct Grilled Nuggets,5.29,8,,"Bite-sized pieces of freshly marinated boneless breast of chicken, grilled for a tender and juicy backyard-smoky taste. Available with guest's choice of dipping sauce.",https://www.cfacdn.com/img/order/menu/Online/Entrees/grilledNuggets_8ct_PDP_Desk.png
02746,5 Points In-Line,https://order.chick-fil-a.com/menu/mobile-entrees/grilled-nuggets,Entrées,51,12 ct Grilled Nuggets,12 Ct Grilled Nuggets,7.59,12,,"Bite-sized pieces of freshly marinated boneless breast of chicken, grilled for a tender and juicy backyard-smoky taste. Available with guest's choice of dipping sauce.",https://www.cfacdn.com/img/order/COM/Menu_Refresh/Entree/Entree%20Desktop/_0003s_0041_%5BFeed%5D_0001s_0001_Entrees_Grilled-Nuggets_12ct.png
02746,5 Points In-Line,https://order.chick-fil-a.com/menu/mobile-entrees/chick-n-strips,Entrées,52,2 ct Chick-fil-A Chick-n-Strips®,2 Ct Chick Fil A Chick N Strips,3.25,2,,"Made from the most tender part of the chicken breast, our Chick-n-Strips™️ are marinated in special seasonings, freshly breaded and pressure cooked to perfection in 100% refined peanut oil. ",https://www.cfacdn.com/img/order/menu/Online/Entrees/strips_2ct_PDP_Desk.png
02746,5 Points In-Line,https://order.chick-fil-a.com/menu/mobile-entrees/chick-n-strips,Entrées,53,3 ct Chick-fil-A Chick-n-Strips®,3 Ct Chick Fil A Chick N Strips,4.79,3,,"Made from the most tender part of the chicken breast, our Chick-n-Strips™️ are marinated in special seasonings, freshly breaded and pressure cooked to perfection in 100% refined peanut oil. ",https://www.cfacdn.com/img/order/menu/Online/Entrees/strips_3ct_PDP_Desk.png
02746,5 Points In-Line,https://order.chick-fil-a.com/menu/mobile-entrees/chick-n-strips,Entrées,54,4 ct Chick-fil-A Chick-n-Strips®,4 Ct Chick Fil A Chick N Strips,6.19,4,,"Made from the most tender part of the chicken breast, our Chick-n-Strips™️ are marinated in special seasonings, freshly breaded and pressure cooked to perfection in 100% refined peanut oil. ",https://www.cfacdn.com/img/order/menu/Online/Entrees/strips_4ct_PDP_Desk.png
02746,5 Points In-Line,https://order.chick-fil-a.com/menu/mobile-entrees/cool-wrap-grilled,Entrées,55,Chick-fil-A® Cool Wrap,Chick Fil A Cool Wrap,7.39,1,,"Sliced grilled chicken breast nestled in a fresh mix of green leaf lettuce with a blend of shredded Monterey Jack and Cheddar cheeses, tightly rolled in a flaxseed flour flat bread. Made fresh daily. Pairs well with Avocado Lime Ranch dressing.",https://www.cfacdn.com/img/order/menu/Online/Entrees/wrap_desk.png
02746,5 Points In-Line,https://order.chick-fil-a.com/menu/mobile-entrees/glutenfree-bun-entree,Entrées,56,Gluten Free Bun,Gluten Free Bun,1.7,1,,"A certified gluten-free bun, individually packaged to be an alternative for our guests wishing to minimize gluten in their diets.
Our recipe, enriched with vitamins and minerals, features a blend of amaranth and quinoa, all lightly sweetened with molasses and raisins.",https://www.cfacdn.com/img/order/menu/Mobile/Modifiers/Sandwich_mod/gluten_free_bun.png
02746,5 Points In-Line,https://order.chick-fil-a.com/menu/mobile-entrees/filets,Entrées,57,Chick-fil-A® Filet,Chick Fil A Filet,4.2,1,,"A boneless breast of chicken seasoned to perfection, hand-breaded, pressure cooked in 100% refined peanut oil.",https://www.cfacdn.com/img/order/menu/Mobile/Entrees/Parent/cfa_filet.png
02746,5 Points In-Line,https://order.chick-fil-a.com/menu/mobile-entrees/filets,Entrées,58,Grilled Filet,Grilled Filet,5.14,1,,"A lemon-herb marinated boneless breast of chicken, grilled for a tender and juicy backyard-smokey taste.",https://www.cfacdn.com/img/order/menu/Online/Entrees/filet_grilled_PDP_Desk.png
02746,5 Points In-Line,https://order.chick-fil-a.com/menu/mobile-entrees/filets,Entrées,59,Spicy Filet,Spicy Filet,4.6,1,,"A boneless breast of chicken seasoned with a spicy blend of peppers, freshly breaded, and pressure cooked in 100% refined peanut oil.",https://www.cfacdn.com/img/order/menu/Mobile/Entrees/Menu%20Item/spicy_filet.png
02746,5 Points In-Line,https://order.chick-fil-a.com/menu/mobile-sides/waffle-potato-fries,Sides,60,Small Chick-fil-A Waffle Potato Fries®,Small Chick Fil A Waffle Potato Fries,1.99,1,Small,Waffle-cut potatoes cooked in canola oil until crispy outside and tender inside. Sprinkled with Sea Salt.,https://www.cfacdn.com/img/order/menu/Online/Sides%26treats/Small_Lowered_1217shoot_800x800.png
02746,5 Points In-Line,https://order.chick-fil-a.com/menu/mobile-sides/waffle-potato-fries,Sides,61,Medium Chick-fil-A Waffle Potato Fries®,Medium Chick Fil A Waffle Potato Fries,2.25,1,Medium,Waffle-cut potatoes cooked in canola oil until crispy outside and tender inside. Sprinkled with Sea Salt.,https://www.cfacdn.com/img/order/menu/Online/Sides%26treats/Medium_Lowered_1217shoot_800x800.png
02746,5 Points In-Line,https://order.chick-fil-a.com/menu/mobile-sides/waffle-potato-fries,Sides,62,Large Chick-fil-A Waffle Potato Fries®,Large Chick Fil A Waffle Potato Fries,2.65,1,Large,Waffle-cut potatoes cooked in canola oil until crispy outside and tender inside. Sprinkled with Sea Salt.,https://www.cfacdn.com/img/order/menu/Online/Sides%26treats/Large_Lowered_1217shoot_800x800.png
02746,5 Points In-Line,https://order.chick-fil-a.com/menu/mobile-sides/fruit-cup,Sides,63,Small Fruit Cup,Small Fruit Cup,2.95,1,Small,"A nutritious fruit mix made with chopped pieces of red and green apples, mandarin orange segments, fresh strawberry slices, and blueberries, served chilled. Prepared fresh daily.",https://www.cfacdn.com/img/order/COM/Menu_Refresh/Sides/Sides%20Desktop/_0006s_0010_%5BFeed%5D_0003s_0002_Sides_Fruit-Cup.png
02746,5 Points In-Line,https://order.chick-fil-a.com/menu/mobile-sides/fruit-cup,Sides,64,Medium Fruit Cup,Medium Fruit Cup,3.75,1,Medium,"A nutritious fruit mix made with chopped pieces of red and green apples, mandarin orange segments, fresh strawberry slices, and blueberries, served chilled. Prepared fresh daily.",https://www.cfacdn.com/img/order/COM/Menu_Refresh/Sides/Sides%20Desktop/_0006s_0010_%5BFeed%5D_0003s_0002_Sides_Fruit-Cup.png
02746,5 Points In-Line,https://order.chick-fil-a.com/menu/mobile-sides/salad-side,Sides,65,Side Salad,Side Salad,3.75,1,,"A fresh bed of mixed greens, topped with a blend of shredded Monterey Jack and Cheddar cheeses and grape tomatoes. Prepared fresh daily. Served with charred tomato, crispy red bell peppers and choice of dressing.",https://www.cfacdn.com/img/order/menu/Online/Sides%26treats/sideSalad_desk.png
02746,5 Points In-Line,https://order.chick-fil-a.com/menu/mobile-sides/macncheese,Sides,66,Small Mac & Cheese,Small Mac Cheese,2.95,1,Small,"A classic macaroni and cheese recipe featuring a special blend of cheeses including Parmesan, Cheddar, and Romano. Baked in-restaurant to form a crispy top layer of baked cheese.",https://www.cfacdn.com/img/order/Individual/Menu/Sides/MacnCheese_4oz.png
02746,5 Points In-Line,https://order.chick-fil-a.com/menu/mobile-sides/macncheese,Sides,67,Medium Mac & Cheese,Medium Mac Cheese,3.75,1,Medium,"A classic macaroni and cheese recipe featuring a special blend of cheeses including Parmesan, Cheddar, and Romano. Baked in-restaurant to form a crispy top layer of baked cheese.",https://www.cfacdn.com/img/order/Individual/Menu/Sides/MacnCheese_5oz.png
02746,5 Points In-Line,https://order.chick-fil-a.com/menu/mobile-sides/chicken-soup,Sides,68,Cup of Chicken Noodle Soup,Cup Of Chicken Noodle Soup,3.55,1,,"Shredded Chick-fil-A® chicken breast, chopped carrots and celery with egg noodles in a hearty broth. Served with Saltine crackers.",https://www.cfacdn.com/img/order/menu/Online/Sides%26treats/Chicken-Noodle-Soup_Small_Desk.png
02746,5 Points In-Line,https://order.chick-fil-a.com/menu/mobile-sides/chicken-soup,Sides,69,Bowl of Chicken Noodle Soup,Bowl Of Chicken Noodle Soup,5.55,1,,"Shredded Chick-fil-A® chicken breast, chopped carrots and celery with egg noodles in a hearty broth. Served with Saltine crackers.",https://www.cfacdn.com/img/order/Catering/Sides/Chicken_Noodle_Soup.png
02746,5 Points In-Line,https://order.chick-fil-a.com/menu/mobile-sides/chicken-tortilla-soup,Sides,70,Cup of Chicken Tortilla Soup,Cup Of Chicken Tortilla Soup,4.99,1,,Shredded chicken breast with navy and black beans in a white creamy soup base with a perfect blend of vegetables and spicy heat. Topped off with seasoned corn tortilla strips. Seasonal item only.,https://www.cfacdn.com/img/order/COM/Menu_Refresh/Entree/Entree%20Desktop/_0003s_0001_Sides_Chicken-Tortilla-Soup_FEED.png
02746,5 Points In-Line,https://order.chick-fil-a.com/menu/mobile-sides/chicken-tortilla-soup,Sides,71,Bowl of Chicken Tortilla Soup,Bowl Of Chicken Tortilla Soup,7.69,1,,Shredded chicken breast with navy and black beans in a white creamy soup base with a perfect blend of vegetables and spicy heat. Topped off with seasoned corn tortilla strips. Seasonal item only.,https://www.cfacdn.com/img/order/Individual/Menu/Sides/ChickenTortillaSoup.png
02746,5 Points In-Line,https://order.chick-fil-a.com/menu/mobile-sides/kale-crunch-side,Sides,72,Kale Crunch Side,Kale Crunch Side,2.25,1,,"A blend of Curly Kale and Green Cabbage tossed with an Apple Cider and Dijon Mustard vinaigrette, all topped off with salted, crunchy Roasted Almonds",https://www.cfacdn.com/img/order/menu/Online/Sides%26treats/kaleCrunch_sm_desk.png
02746,5 Points In-Line,https://order.chick-fil-a.com/menu/mobile-sides/yogurt-greek-parfait,Sides,73,Greek Yogurt Parfait w/ Granola,Greek Yogurt Parfait W Granola,4.45,1,,"Creamy, organic vanilla bean Greek yogurt with fresh berries and choice of toppings. ",https://www.cfacdn.com/img/order/menu/Online/Sides%26treats/Jul19_OrganicAussieGreekYogurtParfaitCupGranola_desktop800.png
02746,5 Points In-Line,https://order.chick-fil-a.com/menu/mobile-sides/chips-waffle,Sides,74,Waffle Potato Chips,Waffle Potato Chips,1.99,1,,Kettle-cooked waffle cut potato chips Sprinkled with Sea Salt.,https://www.cfacdn.com/img/order/menu/Online/Drinks/chips_800.png
02746,5 Points In-Line,https://order.chick-fil-a.com/menu/mobile-sides/apple-sauce,Sides,75,Buddy Fruits® Apple Sauce,Buddy Fruits Apple Sauce,2.19,1,,"Buddy Fruits® brand applesauce is a 100% all natural combination of fresh apples, apple juice and cinnamon, blended smooth and served in a fun, squeezable 3.2 oz. child-size pouch.",https://www.cfacdn.com/img/order/menu/Online/Sides%26treats/Buddy_Fruits_Desk.png
02746,5 Points In-Line,https://order.chick-fil-a.com/menu/mobile-beverages/cup-water,Beverages,76,Cup of Water,Cup Of Water,0.0,1,,,https://www.cfacdn.com/img/order/COM/Menu_Refresh/Drinks/Drinks%20Desktop/_0000s_0033_%5BFeed%5D_0006s_0007_Drinks_Water-Small.png
02746,5 Points In-Line,https://order.chick-fil-a.com/menu/mobile-beverages/sweet-tea-individual,Beverages,77,Small Freshly-Brewed Iced Tea Sweetened,Small Freshly Brewed Iced Tea Sweetened,1.69,1,Small, Freshly-brewed each day from a blend of tea leaves sweetened with real cane sugar.,https://www.cfacdn.com/img/order/menu/Online/Drinks/tea_desktop.png
02746,5 Points In-Line,https://order.chick-fil-a.com/menu/mobile-beverages/sweet-tea-individual,Beverages,78,Medium Freshly-Brewed Iced Tea Sweetened,Medium Freshly Brewed Iced Tea Sweetened,1.99,1,Medium, Freshly-brewed each day from a blend of tea leaves sweetened with real cane sugar.,https://www.cfacdn.com/img/order/menu/Online/Drinks/tea_desktop.png
02746,5 Points In-Line,https://order.chick-fil-a.com/menu/mobile-beverages/sweet-tea-individual,Beverages,79,Large Freshly-Brewed Iced Tea Sweetened,Large Freshly Brewed Iced Tea Sweetened,2.39,1,Large, Freshly-brewed each day from a blend of tea leaves sweetened with real cane sugar.,https://www.cfacdn.com/img/order/menu/Online/Drinks/tea_desktop.png
02746,5 Points In-Line,https://order.chick-fil-a.com/menu/mobile-beverages/meal-unsweet-tea,Beverages,80,Small Freshly-Brewed Iced Tea Unsweetened,Small Freshly Brewed Iced Tea Unsweetened,1.69,1,Small,Freshly-brewed each day from a blend of tea leaves unsweetened.,https://www.cfacdn.com/img/order/menu/Online/Drinks/tea_desktop.png
02746,5 Points In-Line,https://order.chick-fil-a.com/menu/mobile-beverages/meal-unsweet-tea,Beverages,81,Medium Freshly-Brewed Iced Tea Unsweetened,Medium Freshly Brewed Iced Tea Unsweetened,1.99,1,Medium,Freshly-brewed each day from a blend of tea leaves unsweetened.,https://www.cfacdn.com/img/order/menu/Online/Drinks/tea_desktop.png
02746,5 Points In-Line,https://order.chick-fil-a.com/menu/mobile-beverages/meal-unsweet-tea,Beverages,82,Large Freshly-Brewed Iced Tea Unsweetened,Large Freshly Brewed Iced Tea Unsweetened,2.39,1,Large,Freshly-brewed each day from a blend of tea leaves unsweetened.,https://www.cfacdn.com/img/order/menu/Online/Drinks/tea_desktop.png
02746,5 Points In-Line,https://order.chick-fil-a.com/menu/mobile-beverages/lemonade,Beverages,83,Small Chick-fil-A® Lemonade,Small Chick Fil A Lemonade,2.05,1,Small,"Classic lemonade using three simple ingredients: real lemon juice—not from concentrate, cane sugar, and water.",https://www.cfacdn.com/img/order/menu/Online/Drinks/lemonade_desktop.png
02746,5 Points In-Line,https://order.chick-fil-a.com/menu/mobile-beverages/lemonade,Beverages,84,Medium Chick-fil-A® Lemonade,Medium Chick Fil A Lemonade,2.35,1,Medium,"Classic lemonade using three simple ingredients: real lemon juice—not from concentrate, cane sugar, and water.",https://www.cfacdn.com/img/order/menu/Online/Drinks/lemonade_desktop.png
02746,5 Points In-Line,https://order.chick-fil-a.com/menu/mobile-beverages/lemonade,Beverages,85,Large Chick-fil-A® Lemonade,Large Chick Fil A Lemonade,2.69,1,Large,"Classic lemonade using three simple ingredients: real lemon juice—not from concentrate, cane sugar, and water.",https://www.cfacdn.com/img/order/menu/Online/Drinks/lemonade_desktop.png
02746,5 Points In-Line,https://order.chick-fil-a.com/menu/mobile-beverages/diet-lemonade,Beverages,86,Small Chick-fil-A® Diet Lemonade,Small Chick Fil A Diet Lemonade,2.05,1,Small,"Classic lemonade using three simple ingredients: real lemon juice—not from concentrate, Splenda® No Calorie Sweetener, and water.",https://www.cfacdn.com/img/order/menu/Online/Drinks/lemonade_desktop.png
02746,5 Points In-Line,https://order.chick-fil-a.com/menu/mobile-beverages/diet-lemonade,Beverages,87,Medium Chick-fil-A® Diet Lemonade,Medium Chick Fil A Diet Lemonade,2.35,1,Medium,"Classic lemonade using three simple ingredients: real lemon juice—not from concentrate, Splenda® No Calorie Sweetener, and water.",https://www.cfacdn.com/img/order/menu/Online/Drinks/lemonade_desktop.png
02746,5 Points In-Line,https://order.chick-fil-a.com/menu/mobile-beverages/diet-lemonade,Beverages,88,Large Chick-fil-A® Diet Lemonade,Large Chick Fil A Diet Lemonade,2.69,1,Large,"Classic lemonade using three simple ingredients: real lemon juice—not from concentrate, Splenda® No Calorie Sweetener, and water.",https://www.cfacdn.com/img/order/menu/Online/Drinks/lemonade_desktop.png
02746,5 Points In-Line,https://order.chick-fil-a.com/menu/mobile-beverages/half-sweet-half-unsweet-tea,Beverages,89,Small 1/2 Sweet Tea 1/2 Unsweet Tea,Small 1 2 Sweet Tea 1 2 Unsweet Tea,1.69,1,Small,,https://www.cfacdn.com/img/order/menu/Online/Drinks/tea_desktop.png
02746,5 Points In-Line,https://order.chick-fil-a.com/menu/mobile-beverages/half-sweet-half-unsweet-tea,Beverages,90,Medium 1/2 Sweet Tea 1/2 Unsweet Tea,Medium 1 2 Sweet Tea 1 2 Unsweet Tea,1.99,1,Medium,,https://www.cfacdn.com/img/order/menu/Online/Drinks/tea_desktop.png
02746,5 Points In-Line,https://order.chick-fil-a.com/menu/mobile-beverages/half-sweet-half-unsweet-tea,Beverages,91,Large 1/2 Sweet Tea 1/2 Unsweet Tea,Large 1 2 Sweet Tea 1 2 Unsweet Tea,2.39,1,Large,,https://www.cfacdn.com/img/order/menu/Online/Drinks/tea_desktop.png
02746,5 Points In-Line,https://order.chick-fil-a.com/menu/mobile-beverages/sweet-tea-lemonade,Beverages,92,"Small Sunjoy® (1/2 Sweet Tea, 1/2 Lemonade)",Small Sunjoy 1 2 Sweet Tea 1 2 Lemonade,2.05,1,Small,,https://www.cfacdn.com/img/order/menu/Online/Drinks/halfTeaHalfLem_desktop.png
02746,5 Points In-Line,https://order.chick-fil-a.com/menu/mobile-beverages/sweet-tea-lemonade,Beverages,93,"Medium Sunjoy® (1/2 Sweet Tea, 1/2 Lemonade)",Medium Sunjoy 1 2 Sweet Tea 1 2 Lemonade,2.35,1,Medium,,https://www.cfacdn.com/img/order/menu/Online/Drinks/halfTeaHalfLem_desktop.png
02746,5 Points In-Line,https://order.chick-fil-a.com/menu/mobile-beverages/sweet-tea-lemonade,Beverages,94,"Large Sunjoy® (1/2 Sweet Tea, 1/2 Lemonade)",Large Sunjoy 1 2 Sweet Tea 1 2 Lemonade,2.69,1,Large,,https://www.cfacdn.com/img/order/menu/Online/Drinks/halfTeaHalfLem_desktop.png
02746,5 Points In-Line,https://order.chick-fil-a.com/menu/mobile-beverages/sweet-tea-diet-lemonade,Beverages,95,"Small Sunjoy® (1/2 Sweet Tea, 1/2 Diet Lemonade)",Small Sunjoy 1 2 Sweet Tea 1 2 Diet Lemonade,2.05,1,Small,,https://www.cfacdn.com/img/order/menu/Online/Drinks/halfTeaHalfLem_desktop.png
02746,5 Points In-Line,https://order.chick-fil-a.com/menu/mobile-beverages/sweet-tea-diet-lemonade,Beverages,96,"Medium Sunjoy® (1/2 Sweet Tea, 1/2 Diet Lemonade)",Medium Sunjoy 1 2 Sweet Tea 1 2 Diet Lemonade,2.35,1,Medium,,https://www.cfacdn.com/img/order/menu/Online/Drinks/halfTeaHalfLem_desktop.png
02746,5 Points In-Line,https://order.chick-fil-a.com/menu/mobile-beverages/sweet-tea-diet-lemonade,Beverages,97,"Large Sunjoy® (1/2 Sweet Tea, 1/2 Diet Lemonade)",Large Sunjoy 1 2 Sweet Tea 1 2 Diet Lemonade,2.69,1,Large,,https://www.cfacdn.com/img/order/menu/Online/Drinks/halfTeaHalfLem_desktop.png
02746,5 Points In-Line,https://order.chick-fil-a.com/menu/mobile-beverages/unsweet-tea-lemomade,Beverages,98,"Small Sunjoy® (1/2 Unsweet Tea, 1/2 Lemonade)",Small Sunjoy 1 2 Unsweet Tea 1 2 Lemonade,2.05,1,Small,,https://www.cfacdn.com/img/order/menu/Online/Drinks/halfTeaHalfLem_desktop.png
02746,5 Points In-Line,https://order.chick-fil-a.com/menu/mobile-beverages/unsweet-tea-lemomade,Beverages,99,"Medium Sunjoy® (1/2 Unsweet Tea, 1/2 Lemonade)",Medium Sunjoy 1 2 Unsweet Tea 1 2 Lemonade,2.35,1,Medium,,https://www.cfacdn.com/img/order/menu/Online/Drinks/halfTeaHalfLem_desktop.png
02746,5 Points In-Line,https://order.chick-fil-a.com/menu/mobile-beverages/unsweet-tea-lemomade,Beverages,100,"Large Sunjoy® (1/2 Unsweet Tea, 1/2 Lemonade)",Large Sunjoy 1 2 Unsweet Tea 1 2 Lemonade,2.69,1,Large,,https://www.cfacdn.com/img/order/menu/Online/Drinks/halfTeaHalfLem_desktop.png
02746,5 Points In-Line,https://order.chick-fil-a.com/menu/mobile-beverages/unsweet-tea-diet-lemonade,Beverages,101,"Small Sunjoy® (1/2 Unsweet Tea, 1/2 Diet Lemonade)",Small Sunjoy 1 2 Unsweet Tea 1 2 Diet Lemonade,2.05,1,Small,,https://www.cfacdn.com/img/order/menu/Online/Drinks/halfTeaHalfLem_desktop.png
02746,5 Points In-Line,https://order.chick-fil-a.com/menu/mobile-beverages/unsweet-tea-diet-lemonade,Beverages,102,"Medium Sunjoy® (1/2 Unsweet Tea, 1/2 Diet Lemonade)",Medium Sunjoy 1 2 Unsweet Tea 1 2 Diet Lemonade,2.35,1,Medium,,https://www.cfacdn.com/img/order/menu/Online/Drinks/halfTeaHalfLem_desktop.png
02746,5 Points In-Line,https://order.chick-fil-a.com/menu/mobile-beverages/unsweet-tea-diet-lemonade,Beverages,103,"Large Sunjoy® (1/2 Unsweet Tea, 1/2 Diet Lemonade)",Large Sunjoy 1 2 Unsweet Tea 1 2 Diet Lemonade,2.69,1,Large,,https://www.cfacdn.com/img/order/menu/Online/Drinks/halfTeaHalfLem_desktop.png
02746,5 Points In-Line,https://order.chick-fil-a.com/menu/mobile-beverages/lemonade-diet-lemonade,Beverages,104,Small 1/2 Lemonade 1/2 Diet Lemonade,Small 1 2 Lemonade 1 2 Diet Lemonade,2.05,1,Small,,https://www.cfacdn.com/img/order/menu/Online/Drinks/lemonade_desktop.png
02746,5 Points In-Line,https://order.chick-fil-a.com/menu/mobile-beverages/lemonade-diet-lemonade,Beverages,105,Medium 1/2 Lemonade 1/2 Diet Lemonade,Medium 1 2 Lemonade 1 2 Diet Lemonade,2.35,1,Medium,,https://www.cfacdn.com/img/order/menu/Online/Drinks/lemonade_desktop.png
02746,5 Points In-Line,https://order.chick-fil-a.com/menu/mobile-beverages/lemonade-diet-lemonade,Beverages,106,Large 1/2 Lemonade 1/2 Diet Lemonade,Large 1 2 Lemonade 1 2 Diet Lemonade,2.69,1,Large,,https://www.cfacdn.com/img/order/menu/Online/Drinks/lemonade_desktop.png
02746,5 Points In-Line,https://order.chick-fil-a.com/menu/mobile-beverages/iced-coffee,Beverages,107,Iced Coffee,Iced Coffee,3.09,1,,"Handcrafted daily, made with a custom blend of cold-brewed coffee and 2% milk, sweetened with pure cane sugar and served over ice. Our coffee beans are sourced by THRIVE Farmers, a farmer-direct coffee company that enriches the lives and communities of those who grow it. Available all day in Original or Vanilla.",https://www.cfacdn.com/img/order/menu/Online/Drinks/190925_IcedCoffee_800x800.png
02746,5 Points In-Line,https://order.chick-fil-a.com/menu/mobile-beverages/coca-cola,Beverages,108,Small Coca-Cola<sup>®</sup>,Small Coca Cola,1.69,1,Small,Fountain beverage. A product of The Coca-Cola Company.,https://www.cfacdn.com/img/order/COM/Menu_Refresh/Drinks/Drinks%20Desktop/_0000s_0022_Feed_Menu_0000_Drinks_Coca-cola.png
02746,5 Points In-Line,https://order.chick-fil-a.com/menu/mobile-beverages/coca-cola,Beverages,109,Medium Coca-Cola®,Medium Coca Cola,1.99,1,Medium,Fountain beverage. A product of The Coca-Cola Company.,https://www.cfacdn.com/img/order/COM/Menu_Refresh/Drinks/Drinks%20Desktop/_0000s_0022_Feed_Menu_0000_Drinks_Coca-cola.png
02746,5 Points In-Line,https://order.chick-fil-a.com/menu/mobile-beverages/coca-cola,Beverages,110,Large Coca-Cola®,Large Coca Cola,2.39,1,Large,Fountain beverage. A product of The Coca-Cola Company.,https://www.cfacdn.com/img/order/COM/Menu_Refresh/Drinks/Drinks%20Desktop/_0000s_0022_Feed_Menu_0000_Drinks_Coca-cola.png
02746,5 Points In-Line,https://order.chick-fil-a.com/menu/mobile-beverages/diet-coke,Beverages,111,Small Diet Coke<sup>®</sup>,Small Diet Coke,1.69,1,Small,Fountain beverage. A product of The Coca-Cola Company.,https://www.cfacdn.com/img/order/COM/Menu_Refresh/Drinks/Drinks%20Desktop/_0000s_0035_%5BFeed%5D_0006s_0004_Drinks_Diet-Coke.png
02746,5 Points In-Line,https://order.chick-fil-a.com/menu/mobile-beverages/diet-coke,Beverages,112,Medium Diet Coke<sup>®</sup>,Medium Diet Coke,1.99,1,Medium,Fountain beverage. A product of The Coca-Cola Company.,https://www.cfacdn.com/img/order/COM/Menu_Refresh/Drinks/Drinks%20Desktop/_0000s_0035_%5BFeed%5D_0006s_0004_Drinks_Diet-Coke.png
02746,5 Points In-Line,https://order.chick-fil-a.com/menu/mobile-beverages/diet-coke,Beverages,113,Large Diet Coke®,Large Diet Coke,2.39,1,Large,Fountain beverage. A product of The Coca-Cola Company.,https://www.cfacdn.com/img/order/COM/Menu_Refresh/Drinks/Drinks%20Desktop/_0000s_0035_%5BFeed%5D_0006s_0004_Drinks_Diet-Coke.png
02746,5 Points In-Line,https://order.chick-fil-a.com/menu/mobile-beverages/coke-zero,Beverages,114,Small Coke<sup>®</sup> Zero Sugar,Small Coke   Zero Sugar,1.69,1,Small,Fountain beverage. A product of The Coca-Cola Company.,https://www.cfacdn.com/img/order/COM/Menu_Refresh/Drinks/Drinks%20Desktop/cokeZeroSugar.png
02746,5 Points In-Line,https://order.chick-fil-a.com/menu/mobile-beverages/coke-zero,Beverages,115,Medium Coke<sup>®</sup> Zero Sugar,Medium Coke   Zero Sugar,1.99,1,Medium,Fountain beverage. A product of The Coca-Cola Company.,https://www.cfacdn.com/img/order/COM/Menu_Refresh/Drinks/Drinks%20Desktop/cokeZeroSugar.png
02746,5 Points In-Line,https://order.chick-fil-a.com/menu/mobile-beverages/coke-zero,Beverages,116,Large Coke® Zero Sugar,Large Coke Zero Sugar,2.39,1,Large,Fountain beverage. A product of The Coca-Cola Company.,https://www.cfacdn.com/img/order/COM/Menu_Refresh/Drinks/Drinks%20Desktop/cokeZeroSugar.png
02746,5 Points In-Line,https://order.chick-fil-a.com/menu/mobile-beverages/cherry-coke,Beverages,117,Small Coca-Cola<sup>®</sup> Cherry,Small Coca Cola   Cherry,1.69,1,Small,Fountain beverage. A product of The Coca-Cola Company.,https://www.cfacdn.com/img/order/menu/Online/Drinks/cherryCoke_desktop.png
02746,5 Points In-Line,https://order.chick-fil-a.com/menu/mobile-beverages/cherry-coke,Beverages,118,Medium Coca-Cola<sup>®</sup> Cherry,Medium Coca Cola   Cherry,1.99,1,Medium,Fountain beverage. A product of The Coca-Cola Company.,https://www.cfacdn.com/img/order/menu/Online/Drinks/cherryCoke_desktop.png
02746,5 Points In-Line,https://order.chick-fil-a.com/menu/mobile-beverages/cherry-coke,Beverages,119,Large Coca-Cola® Cherry,Large Coca Cola Cherry,2.39,1,Large,Fountain beverage. A product of The Coca-Cola Company.,https://www.cfacdn.com/img/order/menu/Online/Drinks/cherryCoke_desktop.png
02746,5 Points In-Line,https://order.chick-fil-a.com/menu/mobile-beverages/sprite,Beverages,120,Small Sprite<sup>®</sup>,Small Sprite,1.69,1,Small,Fountain beverage. A product of The Coca-Cola Company.,https://www.cfacdn.com/img/order/COM/Menu_Refresh/Drinks/Drinks%20Desktop/_0000s_0032_%5BFeed%5D_0006s_0008_Drinks_Sprite.png
02746,5 Points In-Line,https://order.chick-fil-a.com/menu/mobile-beverages/sprite,Beverages,121,Medium Sprite<sup>®</sup>,Medium Sprite,1.99,1,Medium,Fountain beverage. A product of The Coca-Cola Company.,https://www.cfacdn.com/img/order/COM/Menu_Refresh/Drinks/Drinks%20Desktop/_0000s_0032_%5BFeed%5D_0006s_0008_Drinks_Sprite.png
02746,5 Points In-Line,https://order.chick-fil-a.com/menu/mobile-beverages/sprite,Beverages,122,Large Sprite®,Large Sprite,2.39,1,Large,Fountain beverage. A product of The Coca-Cola Company.,https://www.cfacdn.com/img/order/COM/Menu_Refresh/Drinks/Drinks%20Desktop/_0000s_0032_%5BFeed%5D_0006s_0008_Drinks_Sprite.png
02746,5 Points In-Line,https://order.chick-fil-a.com/menu/mobile-beverages/drpepper,Beverages,123,Small Dr Pepper<sup>®</sup>,Small Dr Pepper,1.69,1,Small,"Fountain beverage. Product of Keurig Dr Pepper, Inc.",https://www.cfacdn.com/img/order/menu/Online/Drinks/drPepper_desktop.png
02746,5 Points In-Line,https://order.chick-fil-a.com/menu/mobile-beverages/drpepper,Beverages,124,Medium Dr Pepper<sup>®</sup>,Medium Dr Pepper,1.99,1,Medium,"Fountain beverage. Product of Keurig Dr Pepper, Inc.",https://www.cfacdn.com/img/order/COM/Menu_Refresh/Drinks/Drinks%20Desktop/_0000s_0038_%5BFeed%5D_0006s_0001_Drinks_Dr-Pepper.png
02746,5 Points In-Line,https://order.chick-fil-a.com/menu/mobile-beverages/drpepper,Beverages,125,Large Dr Pepper®,Large Dr Pepper,2.39,1,Large,"Fountain beverage. Product of Keurig Dr Pepper, Inc.",https://www.cfacdn.com/img/order/menu/Online/Drinks/drPepper_desktop.png
02746,5 Points In-Line,https://order.chick-fil-a.com/menu/mobile-beverages/diet-drpepper,Beverages,126,Small Diet Dr Pepper<sup>®</sup>,Small Diet Dr Pepper,1.69,1,Small,"Fountain beverage. Product of Keurig Dr Pepper, Inc.",https://www.cfacdn.com/img/order/COM/Menu_Refresh/Drinks/Drinks%20Desktop/_0000s_0038_%5BFeed%5D_0006s_0001_Drinks_Dr-Pepper.png
02746,5 Points In-Line,https://order.chick-fil-a.com/menu/mobile-beverages/diet-drpepper,Beverages,127,Medium Diet Dr Pepper®,Medium Diet Dr Pepper,1.99,1,Medium,"Fountain beverage. Product of Keurig Dr Pepper, Inc.",https://www.cfacdn.com/img/order/menu/Mobile/Beverages/Parent/dietDrPepper_400.png
02746,5 Points In-Line,https://order.chick-fil-a.com/menu/mobile-beverages/diet-drpepper,Beverages,128,Large Diet Dr Pepper®,Large Diet Dr Pepper,2.39,1,Large,"Fountain beverage. Product of Keurig Dr Pepper, Inc.",https://www.cfacdn.com/img/order/menu/Mobile/Beverages/Parent/dietDrPepper_400.png
02746,5 Points In-Line,https://order.chick-fil-a.com/menu/mobile-beverages/barqs,Beverages,129,Small Barq's<sup>®</sup> Root Beer,Small Barq S   Root Beer,1.69,1,Small,Fountain beverage. A product of The Coca-Cola Company.,https://www.cfacdn.com/img/order/menu/Mobile/Beverages/Parent/RootBeer.png
02746,5 Points In-Line,https://order.chick-fil-a.com/menu/mobile-beverages/barqs,Beverages,130,Medium Barq's<sup>®</sup> Root Beer,Medium Barq S   Root Beer,1.99,1,Medium,Fountain beverage. A product of The Coca-Cola Company.,https://www.cfacdn.com/img/order/menu/Mobile/Beverages/Parent/RootBeer.png
02746,5 Points In-Line,https://order.chick-fil-a.com/menu/mobile-beverages/barqs,Beverages,131,Large Barq's® Root Beer,Large Barq S Root Beer,2.39,1,Large,Fountain beverage. A product of The Coca-Cola Company.,https://www.cfacdn.com/img/order/menu/Mobile/Beverages/Parent/RootBeer.png
02746,5 Points In-Line,https://order.chick-fil-a.com/menu/mobile-beverages/mello-yello,Beverages,132,Small Mello Yello<sup>®</sup>,Small Mello Yello,1.69,1,Small,Fountain beverage. A product of The Coca-Cola Company.,
02746,5 Points In-Line,https://order.chick-fil-a.com/menu/mobile-beverages/mello-yello,Beverages,133,Medium Mello Yello<sup>®</sup>,Medium Mello Yello,1.99,1,Medium,Fountain beverage. A product of The Coca-Cola Company.,
02746,5 Points In-Line,https://order.chick-fil-a.com/menu/mobile-beverages/mello-yello,Beverages,134,Large Mello Yello®,Large Mello Yello,2.39,1,Large,Fountain beverage. A product of The Coca-Cola Company.,
02746,5 Points In-Line,https://order.chick-fil-a.com/menu/mobile-beverages/powerade,Beverages,135,Small POWERADE<sup>®</sup>,Small Powerade,1.69,1,Small,Fountain beverage. A product of The Coca-Cola Company.,
02746,5 Points In-Line,https://order.chick-fil-a.com/menu/mobile-beverages/powerade,Beverages,136,Medium POWERADE<sup>®</sup>,Medium Powerade,1.99,1,Medium,Fountain beverage. A product of The Coca-Cola Company.,
02746,5 Points In-Line,https://order.chick-fil-a.com/menu/mobile-beverages/powerade,Beverages,137,Large POWERADE®,Large Powerade,2.39,1,Large,Fountain beverage. A product of The Coca-Cola Company.,
02746,5 Points In-Line,https://order.chick-fil-a.com/menu/mobile-beverages/bottled-water,Beverages,138,DASANI® Bottled Water,Dasani Bottled Water,2.15,1,,"Purified water that is carefully designed and enhanced with minerals for a pure, fresh taste. DASANI® is a registered trademark of The Coca-Cola® Company.",https://www.cfacdn.com/img/order/COM/Menu_Refresh/Drinks/Drinks%20Desktop/_0000s_0026_%5BFeed%5D_0006s_0014_Drinks_Dasani-Water.png
02746,5 Points In-Line,https://order.chick-fil-a.com/menu/mobile-beverages/juice-minute-maid-apple,Beverages,139,Honest Kids® Apple Juice,Honest Kids Apple Juice,1.65,1,,Honest Kids® Apple Juice (juice box with straw).,https://www.cfacdn.com/img/order/COM/Menu_Refresh/Drinks/Drinks%20Desktop/_0000s_0017_%5BFeed%5D_appley_620_tiny.png
02746,5 Points In-Line,https://order.chick-fil-a.com/menu/mobile-beverages/juice-simply-orange,Beverages,140,Simply Orange<sup>®</sup>,Simply Orange,2.79,1,,"100% pure-squeezed, pasteurized Orange Juice. ",https://www.cfacdn.com/img/order/menu/Online/Drinks/SimplyOJ_Oct19_Desk.png
02746,5 Points In-Line,https://order.chick-fil-a.com/menu/mobile-beverages/milk-chocolate-1-percent,Beverages,141,1% Chocolate Milk,1 Chocolate Milk,1.65,1,,,https://www.cfacdn.com/img/order/COM/Menu_Refresh/Drinks/Drinks%20Desktop/_0000s_0019_%5BFeed%5D_0006s_0015_Drinks_Chocolate-Milk.png
02746,5 Points In-Line,https://order.chick-fil-a.com/menu/mobile-beverages/milk-white-1-percent,Beverages,142,1% Milk,1 Milk,1.65,1,,1% Cows milk,https://www.cfacdn.com/img/order/COM/Menu_Refresh/Drinks/Drinks%20Desktop/_0000s_0020_%5BFeed%5D_0006s_0019_Drinks_Milk.png
02746,5 Points In-Line,https://order.chick-fil-a.com/menu/mobile-beverages/coffee,Beverages,143,Coffee,Coffee,2.09,1,,"Our specialty grade, farmer-direct coffee is a custom blend made from arabica beans grown at high altitudes. With tasting notes of smooth caramel and a nutty finish, our proprietary blend is created to be delicious on its own or to accommodate any cream and sugar preferences. Chick-fil-A Coffee is uniquely crafted to pair with our menu and is sourced by THRIVE Farmers®, a farmer-direct coffee company that enriches the lives and communities of those who grow it. Available all day.",https://www.cfacdn.com/img/order/menu/Online/Drinks/Dec19_Coffee_Desktop.png
02746,5 Points In-Line,https://order.chick-fil-a.com/menu/mobile-beverages/gallons,Beverages,144,Gallon Chick-fil-A® Lemonade,Gallon Chick Fil A Lemonade,12.0,1,,"Classic lemonade using three simple ingredients: real lemon juice—not from concentrate, cane sugar, and water.
",https://www.cfacdn.com/img/order/COM/Menu_Refresh/Drinks/Drinks%20Desktop/lemonadeGallon_desktop.png
02746,5 Points In-Line,https://order.chick-fil-a.com/menu/mobile-beverages/gallons,Beverages,145,Gallon Chick-fil-A® Diet Lemonade,Gallon Chick Fil A Diet Lemonade,12.0,1,,"Classic lemonade using three simple ingredients: real lemon juice—not from concentrate, Splenda® No Calorie Sweetener, and water.",https://www.cfacdn.com/img/order/COM/Menu_Refresh/Drinks/Drinks%20Desktop/dietLemonadeGallon_desktop.png
02746,5 Points In-Line,https://order.chick-fil-a.com/menu/mobile-beverages/gallons,Beverages,146,"Gallon Chick-fil-A® Lemonade (1/2 Lemonade, 1/2 Diet Lemonade)",Gallon Chick Fil A Lemonade 1 2 Lemonade 1 2 Diet Lemonade,12.0,1,,A gallon beverage container filled with ½ of our regular Chick-fil-A® lemonade and ½ of our Chick-fil-A® diet lemonade. Diet Lemonade is sweetened with Splenda® No Calorie Sweetener.,https://www.cfacdn.com/img/order/COM/Menu_Refresh/Drinks/Drinks%20Desktop/lemonadeGallon_desktop.png
02746,5 Points In-Line,https://order.chick-fil-a.com/menu/mobile-beverages/gallons,Beverages,147,Gallon Freshly-Brewed Iced Tea Sweetened,Gallon Freshly Brewed Iced Tea Sweetened,6.25,1,,Freshly-brewed each day from a blend of tea leaves. Available sweetened with real cane sugar or unsweetened.,https://www.cfacdn.com/img/order/COM/Menu_Refresh/Drinks/Drinks%20Desktop/_0000s_0007_PDP_0000s_0010_tea_gallon.png
02746,5 Points In-Line,https://order.chick-fil-a.com/menu/mobile-beverages/gallons,Beverages,148,Gallon Freshly-Brewed Iced Tea Unsweetened,Gallon Freshly Brewed Iced Tea Unsweetened,6.25,1,,Freshly-brewed each day from a premium blend of tea leaves.,https://www.cfacdn.com/img/order/COM/Menu_Refresh/Drinks/Drinks%20Desktop/_0000s_0011_Desktop__0000s_0009_unsweet_gallon.png
02746,5 Points In-Line,https://order.chick-fil-a.com/menu/mobile-beverages/gallons,Beverages,149,"Gallon Chick-fil-A® Iced Tea (1/2 Sweet Tea, 1/2 Unsweet Tea)",Gallon Chick Fil A Iced Tea 1 2 Sweet Tea 1 2 Unsweet Tea,6.25,1,,A gallon beverage container filled with ½ of our freshly-brewed sweet tea and ½ of our freshly-brewed unsweet tea.,https://www.cfacdn.com/img/order/COM/Menu_Refresh/Drinks/Drinks%20Desktop/_0000s_0007_PDP_0000s_0010_tea_gallon.png
02746,5 Points In-Line,https://order.chick-fil-a.com/menu/mobile-beverages/gallons,Beverages,150,"Gallon Sunjoy® (1/2 Sweet Tea, 1/2 Lemonade)",Gallon Sunjoy 1 2 Sweet Tea 1 2 Lemonade,10.25,1,,A refreshing combination of our classic Chick-fil-A® Lemonade and freshly-brewed Sweetened Iced Tea. ,https://www.cfacdn.com/img/order/menu/Online/Drinks/sunjoyGallon_desk.png
02746,5 Points In-Line,https://order.chick-fil-a.com/menu/mobile-beverages/gallons,Beverages,151,"Gallon Sunjoy® (1/2 Sweet Tea, 1/2 Diet Lemonade)",Gallon Sunjoy 1 2 Sweet Tea 1 2 Diet Lemonade,10.25,1,,A refreshing combination of our classic Chick-fil-A® Diet Lemonade and freshly-brewed Sweetened Iced Tea. ,https://www.cfacdn.com/img/order/menu/Online/Drinks/sunjoyGallon_desk.png
02746,5 Points In-Line,https://order.chick-fil-a.com/menu/mobile-beverages/gallons,Beverages,152,"Gallon Sunjoy® (1/2 Unsweet Tea, 1/2 Lemonade)",Gallon Sunjoy 1 2 Unsweet Tea 1 2 Lemonade,10.25,1,,A refreshing combination of our classic Chick-fil-A® Lemonade and freshly-brewed Unsweetened Iced Tea. ,https://www.cfacdn.com/img/order/menu/Online/Drinks/sunjoyGallon_desk.png
02746,5 Points In-Line,https://order.chick-fil-a.com/menu/mobile-beverages/gallons,Beverages,153,"Gallon Sunjoy® (1/2 Unsweet Tea, 1/2 Diet Lemonade)",Gallon Sunjoy 1 2 Unsweet Tea 1 2 Diet Lemonade,10.25,1,,A refreshing combination of our classic Chick-fil-A® Diet Lemonade and freshly-brewed Unsweetened Iced Tea. ,https://www.cfacdn.com/img/order/menu/Online/Drinks/sunjoyGallon_desk.png
02746,5 Points In-Line,https://order.chick-fil-a.com/menu/mobile-beverages/gallons,Beverages,154,5 lb Bag of Ice,5 Lb Bag Of Ice,1.59,1,,5 lb bag of ice cubes,https://www.cfacdn.com/img/order/menu/Online/Drinks/200206_CFA_Icebag_800x800.png
02746,5 Points In-Line,https://order.chick-fil-a.com/menu/mobile-beverages/ice-bag-5-lb,Beverages,155,5 lb Bag of Ice,5 Lb Bag Of Ice,1.59,1,,5 lb bag of ice cubes,https://www.cfacdn.com/img/order/menu/Online/Drinks/200206_CFA_Icebag_800x800.png
02746,5 Points In-Line,https://order.chick-fil-a.com/menu/mobile-salads/cobb-salad,Salads,156,Cobb Salad w/ Nuggets,Cobb Salad W Nuggets,9.19,1,,"Chick-fil-A® Nuggets, freshly breaded and pressure-cooked, sliced and served hot on a fresh bed of mixed greens, topped with roasted corn kernels, a blend of shredded Monterey Jack and Cheddar cheeses, crumbled bacon, sliced hard-boiled egg and grape tomatoes. Prepared fresh daily. Served with Charred Tomato and Crispy Red Bell Peppers. Pairs well with Avocado Lime Ranch dressing.",https://www.cfacdn.com/img/order/menu/Online/Salads%26wraps/cobbSalad_nug_desk.png
02746,5 Points In-Line,https://order.chick-fil-a.com/menu/mobile-salads/cobb-salad,Salads,157,Cobb Salad w/ Spicy Grilled Filet (Cold),Cobb Salad W Spicy Grilled Filet Cold,9.19,1,,"Spicy Grilled Filet (cold) on a fresh bed of mixed greens, topped with a blend of shredded Monterey Jack and Cheddar cheeses, crumbled bacon, fire-roasted corn, sliced hard-boiled egg and grape tomatoes. Made fresh daily. Served with Charred Tomato and Crispy Red Bell Peppers. Pairs well with  Avocado Lime Ranch dressing.",https://www.cfacdn.com/img/order/menu/Online/Salads%26wraps/cobbSalad_spicyGrilled_desk.png
02746,5 Points In-Line,https://order.chick-fil-a.com/menu/mobile-salads/cobb-salad,Salads,158,Cobb Salad w/ Grilled Nuggets,Cobb Salad W Grilled Nuggets,9.19,1,,"Grilled Nuggets served hot on a fresh bed of mixed greens, topped with a blend of shredded Monterey Jack
and Cheddar cheeses, crumbled bacon, fire-roasted corn, sliced hard-boiled egg and grape tomatoes. Prepared fresh daily. Served with Charred Tomato, and Crispy Red Bell Peppers. Pairs well with Avocado Lime Ranch dressing.",https://www.cfacdn.com/img/order/menu/Online/Salads%26wraps/cobb_grillNug_deskV2.png
02746,5 Points In-Line,https://order.chick-fil-a.com/menu/mobile-salads/cobb-salad,Salads,159,Cobb Salad w/ Chick-fil-A Chick-n-Strips®,Cobb Salad W Chick Fil A Chick N Strips,9.19,1,,"Chick-n-Strips™️ served hot on a fresh bed of mixed greens, topped with a blend of shredded Monterey Jack and Cheddar cheeses, crumbled bacon, fire-roasted corn, sliced hard-boiled egg and grape tomatoes. Prepared fresh daily. Served with Charred Tomato, Crispy Red Bell Peppers. Pairs well with Avocado Lime Ranch dressing.",https://www.cfacdn.com/img/order/menu/Online/Salads%26wraps/cobbSalad_strips_desk.png
02746,5 Points In-Line,https://order.chick-fil-a.com/menu/mobile-salads/cobb-salad,Salads,160,Cobb Salad w/ Grilled Filet (Cold),Cobb Salad W Grilled Filet Cold,9.19,1,,"Sliced, grilled filet (cold) served on a fresh bed of mixed greens, topped with a blend of shredded Monterey Jack
and Cheddar cheeses, crumbled bacon, fire-roasted corn, sliced hard-boiled egg and grape tomatoes. Prepared fresh daily. Served with Charred Tomato, and Crispy Red Bell Peppers. Pairs well with Avocado Lime Ranch dressing.",https://www.cfacdn.com/img/order/menu/Online/Salads%26wraps/cobbSalad_grilled_desk.png
02746,5 Points In-Line,https://order.chick-fil-a.com/menu/mobile-salads/cobb-salad,Salads,161,Cobb Salad w/ Chick-fil-A® Filet,Cobb Salad W Chick Fil A Filet,9.19,1,,"Chick-fil-A<sup>®< /sup> Filet served hot on a fresh bed of mixed greens, topped with a blend of shredded Monterey Jack
and Cheddar cheeses, crumbled bacon, fire-roasted corn, sliced hard-boiled egg and grape tomatoes. Prepared fresh daily. Served with Charred Tomato, Crispy Red Bell Peppers. Pairs well with Avocado Lime Ranch.",https://www.cfacdn.com/img/order/menu/Mobile/Salads/Menu%20Item/Jun2020_cobb_CFA_desk.png
02746,5 Points In-Line,https://order.chick-fil-a.com/menu/mobile-salads/cobb-salad,Salads,162,Cobb Salad w/ Spicy Filet,Cobb Salad W Spicy Filet,9.19,1,,"Spicy Filet served hot on a fresh bed of mixed greens, topped with a blend of shredded Monterey Jack and Cheddar cheeses, crumbled bacon, fire-roasted corn, sliced hard-boiled egg and grape tomatoes. Made fresh daily. Served with Charred Tomato and Crispy Red Bell Peppers. Pairs well with Avocado Lime Ranch dressing.",https://www.cfacdn.com/img/order/menu/Mobile/Salads/Menu%20Item/Jun2020_cobb_SpicyFilet_desk.png
02746,5 Points In-Line,https://order.chick-fil-a.com/menu/mobile-salads/cobb-salad,Salads,163,Cobb Salad w/ Grilled Filet (Warm),Cobb Salad W Grilled Filet Warm,9.19,1,,"Whole, grilled filet (warm) served on a fresh bed of mixed greens, topped with a blend of shredded Monterey Jack and Cheddar cheeses, crumbled bacon, fire-roasted corn, sliced hard-boiled egg and grape tomatoes. Prepared fresh daily. Served with Charred Tomato, and Crispy Red Bell Peppers. Pairs well with Avocado Lime Ranch dressing.",https://www.cfacdn.com/img/order/menu/Mobile/Salads/Menu%20Item/Jun2020_cobb_grill_desk.png
02746,5 Points In-Line,https://order.chick-fil-a.com/menu/mobile-salads/cobb-salad,Salads,164,Cobb Salad w/ No Chicken,Cobb Salad W No Chicken,6.89,1,,"A fresh bed of mixed greens, topped with a blend of shredded Monterey Jack and Cheddar cheeses, crumbled bacon, fire-roasted corn, sliced hard-boiled egg and grape tomatoes. Prepared fresh daily. Served with Charred Tomato and Crispy Red Bell Peppers. Pairs well with Avocado Lime Ranch dressing.",https://www.cfacdn.com/img/order/menu/Online/Salads%26wraps/cobbSalad_noMeat_Desk.png
02746,5 Points In-Line,https://order.chick-fil-a.com/menu/mobile-salads/salad-spicy-southwest,Salads,165,Spicy Southwest Salad w/ Spicy Grilled Filet (Cold),Spicy Southwest Salad W Spicy Grilled Filet Cold,9.39,1,,"Slices of grilled spicy chicken breast (cold) served on a fresh bed of mixed greens, topped with grape tomatoes, a blend of Monterey Jack and Cheddar cheeses, and a zesty combination of roasted corn, black beans, poblano chiles, and red bell peppers. Made fresh daily. Served with Seasoned Tortilla Strips and Chili Lime Pepitas. Pairs well with Creamy Salsa dressing.",https://www.cfacdn.com/img/order/menu/Online/Salads%26wraps/sswSalad_spicyGrilled_desk.png
02746,5 Points In-Line,https://order.chick-fil-a.com/menu/mobile-salads/salad-spicy-southwest,Salads,166,Spicy Southwest Salad w/ Grilled Filet (Cold),Spicy Southwest Salad W Grilled Filet Cold,9.39,1,,"Sliced, grilled filet(cold) served on a fresh bed of mixed greens, topped with grape tomatoes, a blend of Monterey Jack and Cheddar cheeses, and a zesty combination of roasted corn, black beans, poblano chiles, and red bell peppers. Prepared fresh daily. Served with Seasoned Tortilla Strips and Chili Lime Pepitas. Pairs well with Creamy Salsa dressing.",https://www.cfacdn.com/img/order/menu/Online/Salads%26wraps/sswSalad_grilled_Desk.png
02746,5 Points In-Line,https://order.chick-fil-a.com/menu/mobile-salads/salad-spicy-southwest,Salads,167,Spicy Southwest Salad w/ Nuggets,Spicy Southwest Salad W Nuggets,9.39,1,,"Chick-fil-A Nuggets® served on a fresh bed of mixed greens, topped with grape tomatoes, a blend of Monterey Jack and Cheddar cheeses, and a zesty combination of roasted corn, black beans, poblano chiles, and red bell peppers. Prepared fresh daily. Served with Seasoned Tortilla Strips and Chili Lime Pepitas. Pairs well with Creamy Salsa dressing.",https://www.cfacdn.com/img/order/menu/Online/Salads%26wraps/sswSalad_nug_desk.png
02746,5 Points In-Line,https://order.chick-fil-a.com/menu/mobile-salads/salad-spicy-southwest,Salads,168,Spicy Southwest Salad w/ Grilled Nuggets,Spicy Southwest Salad W Grilled Nuggets,9.39,1,,"Grilled Nuggets served hot on a fresh bed of mixed greens, topped with grape tomatoes, a blend of Monterey Jack and Cheddar cheeses, and a zesty combination of roasted corn, black beans, poblano chiles, and red bell peppers. Prepared fresh daily. Served with Seasoned Tortilla Strips and Chili Lime Pepitas. Pairs well with Creamy Salsa dressing.",https://www.cfacdn.com/img/order/menu/Online/Salads%26wraps/sswSalad_grilledNug_desk.png
02746,5 Points In-Line,https://order.chick-fil-a.com/menu/mobile-salads/salad-spicy-southwest,Salads,169,Spicy Southwest Salad w/ Chick-fil-A Chick-n-Strips®,Spicy Southwest Salad W Chick Fil A Chick N Strips,9.39,1,,"Chick-n-Strips® served on a fresh bed of mixed greens, topped with grape tomatoes, a blend of Monterey Jack and Cheddar cheeses, and a zesty combination of roasted corn, black beans, poblano chiles, and red bell peppers. Prepared fresh daily. Served with Seasoned Tortilla Strips and Chili Lime Pepitas. Pairs well with Creamy Salsa dressing.",https://www.cfacdn.com/img/order/menu/Online/Salads%26wraps/sswSalad_strips_desk.png
02746,5 Points In-Line,https://order.chick-fil-a.com/menu/mobile-salads/salad-spicy-southwest,Salads,170,Spicy Southwest Salad w/ Chick-fil-A® Filet,Spicy Southwest Salad W Chick Fil A Filet,9.39,1,,"Slices of grilled spicy chicken breast served on a fresh bed of mixed greens, topped with grape tomatoes, a blend of Monterey Jack and Cheddar cheeses, and a zesty combination of roasted corn, black beans, poblano chiles, and red bell peppers. Prepared fresh daily. Served with Seasoned Tortilla Strips and Chili Lime Pepitas. Pairs well with Creamy Salsa dressing.",https://www.cfacdn.com/img/order/menu/Mobile/Salads/Menu%20Item/Jun2020_SSW_CFA_desk.png
02746,5 Points In-Line,https://order.chick-fil-a.com/menu/mobile-salads/salad-spicy-southwest,Salads,171,Spicy Southwest Salad w/ Spicy Filet,Spicy Southwest Salad W Spicy Filet,9.39,1,,"Spicy Filet served on a fresh bed of mixed greens, topped with grape tomatoes, a blend of Monterey Jack and Cheddar cheeses, and a zesty combination of roasted corn, black beans, poblano chiles, and red bell peppers. Prepared fresh daily. Served with Seasoned Tortilla Strips and Chili Lime Pepitas. Pairs well with Creamy Salsa dressing.",https://www.cfacdn.com/img/order/menu/Mobile/Salads/Menu%20Item/Jun2020_SSW_SpicyFilet_desk.png
02746,5 Points In-Line,https://order.chick-fil-a.com/menu/mobile-salads/salad-spicy-southwest,Salads,172,Spicy Southwest Salad w/ Grilled Filet (Warm),Spicy Southwest Salad W Grilled Filet Warm,9.39,1,,"Whole, grilled filet(warm) served on a fresh bed of mixed greens, topped with grape tomatoes, a blend of Monterey Jack and Cheddar cheeses, and a zesty combination of roasted corn, black beans, poblano chiles, and red bell peppers. Prepared fresh daily. Served with Seasoned Tortilla Strips and Chili Lime Pepitas. Pairs well with Creamy Salsa dressing.",https://www.cfacdn.com/img/order/menu/Mobile/Salads/Menu%20Item/Jun2020_SSW_grill_desk.png
02746,5 Points In-Line,https://order.chick-fil-a.com/menu/mobile-salads/salad-spicy-southwest,Salads,173,Spicy Southwest Salad w/ No Chicken,Spicy Southwest Salad W No Chicken,7.09,1,,"A fresh bed of mixed greens, topped with grape tomatoes, a blend of Monterey Jack and Cheddar cheeses, and a zesty combination of roasted corn, black beans, poblano chiles, and red bell peppers. Prepared fresh daily. Served with Seasoned Tortilla Strips and Chili Lime Pepitas. Pairs well with Creamy Salsa dressing.",https://www.cfacdn.com/img/order/menu/Online/Salads%26wraps/sswSalad_noMeat_desk.png
02746,5 Points In-Line,https://order.chick-fil-a.com/menu/mobile-salads/salad-market,Salads,174,Grilled Market Salad w/ Grilled Filet (Cold),Grilled Market Salad W Grilled Filet Cold,9.39,1,,"Sliced grilled chicken breast served on a fresh bed of mixed greens, topped with crumbled blue cheese and a mix of red and green apples, strawberries and blueberries. Prepared fresh daily. Served with Harvest Nut Granola and Roasted Almonds. Pairs well with Zesty Apple Cider Vinaigrette.",https://www.cfacdn.com/img/order/menu/Online/Salads%26wraps/marketSalad_grilled_desk.png
02746,5 Points In-Line,https://order.chick-fil-a.com/menu/mobile-salads/salad-market,Salads,175,Grilled Market Salad w/ Spicy Grilled Filet (Cold),Grilled Market Salad W Spicy Grilled Filet Cold,9.39,1,,"Sliced grilled chicken breast served on a fresh bed of mixed greens, topped with crumbled blue cheese and a mix of red and green apples, strawberries and blueberries. Made fresh daily. Served with Harvest Nut Granola and Roasted Almonds. Pairs well with Zesty Apple Cider Vinaigrette.",https://www.cfacdn.com/img/order/menu/Online/Salads%26wraps/marketSalad_spicyGrilled_desk.png
02746,5 Points In-Line,https://order.chick-fil-a.com/menu/mobile-salads/salad-market,Salads,176,Grilled Market Salad w/ Chick-fil-A Chick-n-Strips®,Grilled Market Salad W Chick Fil A Chick N Strips,9.39,1,,"Chick-n-Strips™️ served on a fresh bed of mixed greens, topped with crumbled blue cheese and a mix of red and green apples, strawberries and blueberries. Made fresh daily. Served with Harvest Nut Granola and Roasted Almonds. Pairs well with Zesty Apple Cider Vinaigrette.",https://www.cfacdn.com/img/order/menu/Online/Salads%26wraps/marketSalad_strips_desk.png
02746,5 Points In-Line,https://order.chick-fil-a.com/menu/mobile-salads/salad-market,Salads,177,Grilled Market Salad w/ Nuggets,Grilled Market Salad W Nuggets,9.39,1,,"Chick-fil-A Nuggets® served on a fresh bed of mixed greens, topped with crumbled blue cheese and a mix of red and green apples, strawberries and blueberries. Prepared fresh daily. Served with Harvest Nut Granola and Roasted Almonds. Pairs well with Zesty Apple Cider Vinaigrette.",https://www.cfacdn.com/img/order/menu/Online/Salads%26wraps/marketSalad_nug_desk.png
02746,5 Points In-Line,https://order.chick-fil-a.com/menu/mobile-salads/salad-market,Salads,178,Grilled Market Salad w/ Grilled Nuggets,Grilled Market Salad W Grilled Nuggets,9.39,1,,"Grilled Nuggets served on a fresh bed of mixed greens, topped with crumbled blue cheese and a mix of red and green apples, strawberries and blueberries. Prepared fresh daily. Served with Harvest Nut Granola and Roasted Almonds. Pairs well with Zesty Apple Cider Vinaigrette.",https://www.cfacdn.com/img/order/menu/Online/Salads%26wraps/marketSalad_grilledNug_desk.png
02746,5 Points In-Line,https://order.chick-fil-a.com/menu/mobile-salads/salad-market,Salads,179,Grilled Market Salad w/ Chick-fil-A® Filet,Grilled Market Salad W Chick Fil A Filet,9.39,1,,"Sliced grilled chicken breast served on a fresh bed of mixed greens, topped with crumbled blue cheese and a mix of red and green apples, strawberries and blueberries. Made fresh daily. Served with Harvest Nut Granola and Roasted Almonds. Pairs well with Zesty Apple Cider Vinaigrette.",https://www.cfacdn.com/img/order/menu/Mobile/Salads/Menu%20Item/Jun2020_market_CFA_desk.png
02746,5 Points In-Line,https://order.chick-fil-a.com/menu/mobile-salads/salad-market,Salads,180,Grilled Market Salad w/ Spicy Filet,Grilled Market Salad W Spicy Filet,9.39,1,,"Spicy Filet served on a fresh bed of mixed greens, topped with crumbled blue cheese and a mix of red and green apples, strawberries and blueberries. Made fresh daily. Served with Harvest Nut Granola and Roasted Almonds. Pairs well with Zesty Apple Cider Vinaigrette.",https://www.cfacdn.com/img/order/menu/Mobile/Salads/Menu%20Item/Jun2020_market_SpicyFilet_desk.png
02746,5 Points In-Line,https://order.chick-fil-a.com/menu/mobile-salads/salad-market,Salads,181,Grilled Market Salad w/ Grilled Filet (Warm),Grilled Market Salad W Grilled Filet Warm,9.39,1,,"Whole grilled filet (warm) served on a fresh bed of mixed greens, topped with crumbled blue cheese and a mix of red and green apples, strawberries and blueberries. Made fresh daily. Served with Harvest Nut Granola and Roasted Almonds. Pairs well with Zesty Apple Cider Vinaigrette.",https://www.cfacdn.com/img/order/menu/Mobile/Salads/Menu%20Item/Jun2020_market_grill_desk.png
02746,5 Points In-Line,https://order.chick-fil-a.com/menu/mobile-salads/salad-market,Salads,182,Grilled Market Salad w/ No Chicken,Grilled Market Salad W No Chicken,7.09,1,,"A fresh bed of mixed greens, topped with crumbled blue cheese and a mix of red and green apples, strawberries and blueberries. Prepared fresh daily. Served with Harvest Nut Granola and Roasted Almonds. Pairs well with Zesty Apple Cider Vinaigrette.",https://www.cfacdn.com/img/order/menu/Online/Salads%26wraps/marketSalad_noMeat_Desk.png
02746,5 Points In-Line,https://order.chick-fil-a.com/menu/mobile-treats/frosted-lemonade,Treats,183,Frosted Lemonade,Frosted Lemonade,4.09,1,,This refreshing treat is a hand-spun combination of Chick-fil-A® Lemonade (or Diet Lemonade) and our signature Icedream® dessert.,https://www.cfacdn.com/img/order/COM/Menu_Refresh/Drinks/Drinks%20Desktop/_0000s_0000_FrostedLemonade.png
02746,5 Points In-Line,https://order.chick-fil-a.com/menu/mobile-treats/frosted-coffee,Treats,184,Frosted Coffee,Frosted Coffee,4.09,1,,A hand-spun treat that combines a custom blend of cold-brewed coffee with our signature Icedream® dessert.,https://www.cfacdn.com/img/order/COM/Menu_Refresh/Treats/Treats%20Desktop/_0001s_0004_%5BFeed%5D_0005s_0000_Treats_Frosted-Coffee.png
02746,5 Points In-Line,https://order.chick-fil-a.com/menu/mobile-treats/cookie-chocolate-chunk,Treats,185,Chocolate Chunk Cookie,Chocolate Chunk Cookie,1.49,1,,"Baked each day in our Restaurants, these cookies have both semi-sweet dark and milk chocolate chunks, along with wholesome oats for an old-fashioned touch.",https://www.cfacdn.com/img/order/menu/Online/Sides%26treats/cccookie_desk.png
02746,5 Points In-Line,https://order.chick-fil-a.com/menu/mobile-treats/cookie-chocolate-chunk,Treats,186,6 pack Chocolate Chunk Cookie,6 Pack Chocolate Chunk Cookie,8.39,6,,"Baked each day in our Restaurants, these cookies have both semi-sweet dark and milk chocolate chunks, along with wholesome oats for an old-fashioned touch.",https://www.cfacdn.com/img/order/menu/Online/Sides%26treats/ccCookieBag_6pk_Desk.png
02746,5 Points In-Line,https://order.chick-fil-a.com/menu/mobile-treats/brownie-group,Treats,187,Chocolate Fudge Brownie,Chocolate Fudge Brownie,2.09,1,,A decadent dessert treat with rich semi-sweet chocolate melted into the batter and fudgy chunks. Available individually or in a tray.,https://www.cfacdn.com/img/order/menu/Online/Sides%26treats/ChocolateFudgeBrownie_desk.png
02746,5 Points In-Line,https://order.chick-fil-a.com/menu/mobile-treats/cookies-cream-milkshake,Treats,188,Cookies & Cream Milkshake,Cookies Cream Milkshake,4.19,1,,"Our creamy Cookies & Cream Milkshakes are hand-spun the old-fashioned way each time and feature delicious Chick-fil-A Icedream® dessert, topped with whipped cream and a cherry (except when served via delivery).",https://www.cfacdn.com/img/order/COM/Menu_Refresh/Treats/Treats%20Desktop/_0001s_0000_%5BFeed%5D_0005s_0004_Treats_Cookies-Cream-Milkshake.png
02746,5 Points In-Line,https://order.chick-fil-a.com/menu/mobile-treats/chocolate-milkshake,Treats,189,Chocolate Milkshake,Chocolate Milkshake,4.19,1,,"Our creamy Chocolate Milkshakes are hand-spun the old-fashioned way each time and feature delicious Chick-fil-A Icedream® dessert, topped with whipped cream and a cherry (except when served via delivery).",https://www.cfacdn.com/img/order/COM/Menu_Refresh/Treats/Treats%20Desktop/_0001s_0005_%5BFeed%5D_0005s_0005_Treats_Chocolate-Milkshake.png
02746,5 Points In-Line,https://order.chick-fil-a.com/menu/mobile-treats/strawberry-milkshake,Treats,190,Strawberry Milkshake,Strawberry Milkshake,4.19,1,,"Our creamy Strawberry Milkshakes are hand-spun the old-fashioned way each time and feature delicious Chick-fil-A Icedream® dessert, topped with whipped cream and a cherry (except when served via delivery).",https://www.cfacdn.com/img/order/COM/Menu_Refresh/Treats/Treats%20Desktop/_0001s_0001_%5BFeed%5D_0005s_0003_Treats_Strawberry-Milkshake.png
02746,5 Points In-Line,https://order.chick-fil-a.com/menu/mobile-treats/vanilla-milkshake,Treats,191,Vanilla Milkshake,Vanilla Milkshake,4.19,1,,"Our creamy Vanilla Milkshakes are hand-spun the old-fashioned way each time and feature delicious Chick-fil-A Icedream® dessert, topped with whipped cream and a cherry (except when served via delivery).",https://www.cfacdn.com/img/order/COM/Menu_Refresh/Treats/Treats%20Desktop/_0001s_0002_%5BFeed%5D_0005s_0002_Treats_Vanilla-Milkshake.png
02746,5 Points In-Line,https://order.chick-fil-a.com/menu/mobile-treats/icedream-cup,Treats,192,Chick-fil-A® Icedream® Cup,Chick Fil A Icedream Cup,1.35,1,,"A delicious, frozen dairy treat with an old-fashioned vanilla taste.",https://www.cfacdn.com/img/order/menu/Online/Sides%26treats/IceDream_RedCup_800x800.png
02746,5 Points In-Line,https://order.chick-fil-a.com/menu/mobile-kidsmeals/kd-meal-nuggets,Kid's Meals,193,5 Ct Nuggets Kid's Meal,5 Ct Nuggets Kid S Meal,5.39,5,,"Includes a 5-count of Chick-fil-A® Nuggets, a choice of a small Side Item (Buddy Fruits® Apple Sauce, Mac & Cheese, Chick-fil-A Waffle Potato Fries®, or Fruit Cup), a kid’s size drink and a prize. ",https://www.cfacdn.com/img/order/menu/Online/Meals/Nov2019_kdMeal_5ctNugget_desktop.png
02746,5 Points In-Line,https://order.chick-fil-a.com/menu/mobile-kidsmeals/kd-meal-strips,Kid's Meals,194,2 Ct Chick-n-Strips® Kid's Meal,2 Ct Chick N Strips Kid S Meal,5.85,2,,"Includes a 2-count of Chick-fil-A Chick-n-Strips®, a choice of a small Side Item (Buddy Fruits® Apple Sauce, Mac & Cheese, Chick-fil-A Waffle Potato Fries®, or Fruit Cup), a kid’s size drink and a prize. ",https://www.cfacdn.com/img/order/menu/Online/Meals/kidsMeal_strips_2ct_milk_fruit_PDP_Desk.png
02746,5 Points In-Line,https://order.chick-fil-a.com/menu/mobile-kidsmeals/kd-meal-grilled-nuggets,Kid's Meals,195,5 Ct Grilled Nuggets Kid's Meal,5 Ct Grilled Nuggets Kid S Meal,5.95,5,,"Includes a 5-count of Chick-fil-A® Grilled Nuggets, a choice of a small Side Item (Buddy Fruits® Apple Sauce, Mac & Cheese, Chick-fil-A Waffle Potato Fries®, or Fruit Cup), a kid’s size drink and a prize. ",https://www.cfacdn.com/img/order/menu/Online/Meals/Nov2019_kdMeal_5ctGrilledNug_desktop.png
02746,5 Points In-Line,https://order.chick-fil-a.com/menu/mobile-familymeals/30ct-nug-fammeals,Build your own Family Meal,196,30 ct Chick-fil-A® Nuggets,30 Ct Chick Fil A Nuggets,15.69,30,,"Bite-sized pieces of boneless chicken breast, seasoned to perfection, freshly breaded and pressure cooked in 100% refined peanut oil. Available with choice of dipping sauce.",https://www.cfacdn.com/img/order/menu/Online/Entrees/nuggets_30ct_PDP_Desk.png
02746,5 Points In-Line,https://order.chick-fil-a.com/menu/mobile-familymeals/4ct-entrees,Build your own Family Meal,197,4 ct Your Choice Sandwich,4 Ct Your Choice Sandwich,17.8,4,,Bundle of your choice of 4 entree items,
02746,5 Points In-Line,https://order.chick-fil-a.com/menu/mobile-familymeals/4ct-sides,Build your own Family Meal,198,4 ct Your Choice Sides,4 Ct Your Choice Sides,9.0,4,,Bundle of your choice of 4 side items,
02746,5 Points In-Line,https://order.chick-fil-a.com/menu/mobile-familymeals/4ct-dessert-bundle,Build your own Family Meal,199,4 ct Your Choice Desserts,4 Ct Your Choice Desserts,5.96,4,,Choose 4 desserts,
02746,5 Points In-Line,https://order.chick-fil-a.com/menu/mobile-familymeals/gallon-sweettea-fammeals,Build your own Family Meal,200,Gallon Freshly-Brewed Iced Tea Sweetened,Gallon Freshly Brewed Iced Tea Sweetened,6.25,1,,Freshly-brewed each day from a blend of tea leaves. Available sweetened with real cane sugar or unsweetened.,https://www.cfacdn.com/img/order/COM/Menu_Refresh/Drinks/Drinks%20Desktop/_0000s_0007_PDP_0000s_0010_tea_gallon.png
02746,5 Points In-Line,https://order.chick-fil-a.com/menu/mobile-familymeals/gallon-unsweettea-fammeals,Build your own Family Meal,201,Gallon Freshly-Brewed Iced Tea Unsweetened,Gallon Freshly Brewed Iced Tea Unsweetened,6.25,1,,Freshly-brewed each day from a premium blend of tea leaves.,https://www.cfacdn.com/img/order/COM/Menu_Refresh/Drinks/Drinks%20Desktop/_0000s_0011_Desktop__0000s_0009_unsweet_gallon.png
02746,5 Points In-Line,https://order.chick-fil-a.com/menu/mobile-familymeals/gallon-half-sweet-half-unsweet-tea,Build your own Family Meal,202,"Gallon Chick-fil-A® Iced Tea (1/2 Sweet Tea, 1/2 Unsweet Tea)",Gallon Chick Fil A Iced Tea 1 2 Sweet Tea 1 2 Unsweet Tea,6.25,1,,A gallon beverage container filled with ½ of our freshly-brewed sweet tea and ½ of our freshly-brewed unsweet tea.,https://www.cfacdn.com/img/order/COM/Menu_Refresh/Drinks/Drinks%20Desktop/_0000s_0007_PDP_0000s_0010_tea_gallon.png
02746,5 Points In-Line,https://order.chick-fil-a.com/menu/mobile-familymeals/gallon-lemonade-reg,Build your own Family Meal,203,Gallon Chick-fil-A® Lemonade,Gallon Chick Fil A Lemonade,12.0,1,,"Classic lemonade using three simple ingredients: real lemon juice—not from concentrate, cane sugar, and water.
",https://www.cfacdn.com/img/order/COM/Menu_Refresh/Drinks/Drinks%20Desktop/lemonadeGallon_desktop.png
02746,5 Points In-Line,https://order.chick-fil-a.com/menu/mobile-familymeals/gallon-lemonade-diet,Build your own Family Meal,204,Gallon Chick-fil-A® Diet Lemonade,Gallon Chick Fil A Diet Lemonade,12.0,1,,"Classic lemonade using three simple ingredients: real lemon juice—not from concentrate, Splenda® No Calorie Sweetener, and water.",https://www.cfacdn.com/img/order/COM/Menu_Refresh/Drinks/Drinks%20Desktop/dietLemonadeGallon_desktop.png
02746,5 Points In-Line,https://order.chick-fil-a.com/menu/mobile-familymeals/gallon-half-reg-half-diet-lem,Build your own Family Meal,205,"Gallon Chick-fil-A® Lemonade (1/2 Lemonade, 1/2 Diet Lemonade)",Gallon Chick Fil A Lemonade 1 2 Lemonade 1 2 Diet Lemonade,12.0,1,,A gallon beverage container filled with ½ of our regular Chick-fil-A® lemonade and ½ of our Chick-fil-A® diet lemonade. Diet Lemonade is sweetened with Splenda® No Calorie Sweetener.,https://www.cfacdn.com/img/order/COM/Menu_Refresh/Drinks/Drinks%20Desktop/lemonadeGallon_desktop.png
02746,5 Points In-Line,https://order.chick-fil-a.com/menu/mobile-familymeals/gallon-sweettea-lem,Build your own Family Meal,206,Gallon Sunjoy® w/ 1/2 Sweet Tea 1/2 Lemonade,Gallon Sunjoy W 1 2 Sweet Tea 1 2 Lemonade,10.25,1,,A refreshing combination of our classic Chick-fil-A® Lemonade and freshly-brewed Sweetened Iced Tea. ,https://www.cfacdn.com/img/order/menu/Online/Drinks/sunjoyGallon_desk.png
02746,5 Points In-Line,https://order.chick-fil-a.com/menu/mobile-familymeals/gallon-swttea-dietlem,Build your own Family Meal,207,"Gallon Sunjoy® (1/2 Sweet Tea, 1/2 Diet Lemonade)",Gallon Sunjoy 1 2 Sweet Tea 1 2 Diet Lemonade,10.25,1,,A refreshing combination of our classic Chick-fil-A® Diet Lemonade and freshly-brewed Sweetened Iced Tea. ,https://www.cfacdn.com/img/order/menu/Online/Drinks/sunjoyGallon_desk.png
02746,5 Points In-Line,https://order.chick-fil-a.com/menu/mobile-familymeals/gallon-unswt-lem,Build your own Family Meal,208,"Gallon Sunjoy® (1/2 Unsweet Tea, 1/2 Lemonade)",Gallon Sunjoy 1 2 Unsweet Tea 1 2 Lemonade,10.25,1,,A refreshing combination of our classic Chick-fil-A® Lemonade and freshly-brewed Unsweetened Iced Tea. ,https://www.cfacdn.com/img/order/menu/Online/Drinks/sunjoyGallon_desk.png
02746,5 Points In-Line,https://order.chick-fil-a.com/menu/mobile-familymeals/gallon-unswttea-dietlem,Build your own Family Meal,209,"Gallon Sunjoy® (1/2 Unsweet Tea, 1/2 Diet Lemonade)",Gallon Sunjoy 1 2 Unsweet Tea 1 2 Diet Lemonade,10.25,1,,A refreshing combination of our classic Chick-fil-A® Diet Lemonade and freshly-brewed Unsweetened Iced Tea. ,https://www.cfacdn.com/img/order/menu/Online/Drinks/sunjoyGallon_desk.png
02746,5 Points In-Line,https://order.chick-fil-a.com/menu/mobile-familymeals/8oz-sauces-alacarte-2,Build your own Family Meal,210,8oz Chick-fil-A® Sauce,8Oz Chick Fil A Sauce,2.75,1,,"An 8-ounce, squeezable bottle of our classic dipping sauce with notes of mustard and a smoky tang.",https://www.cfacdn.com/img/order/menu/Online/Modifiers/Sauces/8ozBottles/Apr2020_8ozBottle_CFA_desk.png
02746,5 Points In-Line,https://order.chick-fil-a.com/menu/mobile-8ozsauce-bottles/8oz-cfasauce-bottle-alacarte,8oz Sauces,211,8oz Chick-fil-A® Sauce,8Oz Chick Fil A Sauce,2.75,1,,"An 8-ounce, squeezable bottle of our classic dipping sauce with notes of mustard and a smoky tang.",https://www.cfacdn.com/img/order/menu/Online/Modifiers/Sauces/8ozBottles/Apr2020_8ozBottle_CFA_desk.png
